title,meta_description,h1_tags,canonical,url
Tips for Boosting Your Healthcare SEO Strategy This Year,Want to supercharge the SEO strategy for your healthcare or healthtech company? This post will zero in on four highly effective strategies for reputation and trust building.,['Tips for Boosting Your Healthcare SEO Strategy This Year'],https://www.progress.com/blogs/tips-boosting-healthcare-seo-strategy,https://www.progress.com/blogs/tips-boosting-healthcare-seo-strategy
How to Do Healthcare and Medical SEO in 2025,Check out the importance of doing SEO for healthcare and medical website and understand why Google ranks only website with high EAT.,['How to Do Healthcare and Medical SEO in 2025'],https://www.stanventures.com/blog/healthcare-medical-seo/,https://www.stanventures.com/blog/healthcare-medical-seo/
SEO Strategies for Health and Wellness Businesses | Weave | Weave,Optimize your health and wellness business with expert SEO strategies. Discover tips to boost visibility and drive patient engagement.,['SEO Strategies for Health and Wellness Businesses: Increase Visibility & Patient Engagement'],N/A,https://www.getweave.com/seo-strategies-wellness/
The Ultimate Guide to SEO for Healthcare,"A strong healthcare SEO agency's strategy requires an investment of time, money, or both, to get your healthcare website found on page #1 in search engines.","[""The Ultimate Guide to Healthcare SEO: 3 Techniques Your Website's Organic Marketing Needs""]",https://healthcaresuccess.com/blog/healthcare-marketing/healthcare-seo-guide.html,https://healthcaresuccess.com/blog/healthcare-marketing/healthcare-seo-guide.html
News & Insights | The Experience Design Studio (XDS),Stay in the loop with the latest news and discover expert insights and strategies for digital design and marketing.,['News & Insights'],N/A,https://blog.madebyxds.com/medical-seo
Reddit - The heart of the internet,N/A,['Seeking SEO Strategies for a Healthcare Website to Boost Short-Term Traffic Legally'],N/A,https://www.reddit.com/r/SEO/comments/18ikbbb/seeking_seo_strategies_for_a_healthcare_website/
What strategies do healthcare SEO services use to enhance search engine rankings? - Quora,N/A,[],https://www.quora.com/What-strategies-do-healthcare-SEO-services-use-to-enhance-search-engine-rankings,https://www.quora.com/What-strategies-do-healthcare-SEO-services-use-to-enhance-search-engine-rankings
Healthcare SEO: How to Get More Organic Traffic,Learn effective healthcare SEO tactics that help you stand out in search results and attract more patients.,['Healthcare SEO: How to Get More Organic Traffic'],https://www.semrush.com/blog/healthcare-seo/,https://www.semrush.com/blog/healthcare-seo/
"SEO Tips For Health, Wellness & Fitness Brands: 10 Ways To Rank Higher — BrandSetGrow: Affordable Web Design","In this article, we shared 10 strategies to rank higher on search engine 
results. We discuss things like finding the right keywords to rank for, 
differentiate yourself from the competition, target your ideal client, get 
into social media, build authority, get backlinks, measuring results, adapt 
your strategy, among others...","['SEO Tips For Health, Wellness & Fitness Brands: 10 Ways to rank higher', 'SEO Tips For Health, Wellness & Fitness Brands: 10 Ways to rank higher']",https://www.brandsetgrow.com/blog/seo-tips-health-wellness-fitness-brands,https://www.brandsetgrow.com/blog/seo-tips-health-wellness-fitness-brands
How to optimize your healthcare content to rank higher - Blog,Ranking your healthcare website online not only involves publishing new content regularly but updating the old one on regular basis as well.,['How to optimize your healthcare content to rank higher'],https://www.practicebuilders.com/blog/optimize-healthcare-content-to-rank-high/,https://www.practicebuilders.com/blog/optimize-healthcare-content-to-rank-high/
5 Proven Ways for Medical practices to Improve their Google Search Rankings,"With patients increasingly choosing their medical provider based on what Google shows them if your business is not of one the few shown at the top of the search results then you are on the way to losing hundreds of potential customers. Through simple search engine optimization practices, you can sta",['5 Proven Ways for Medical practices to Improve their Google Search Rankings'],https://www.linkedin.com/pulse/5-proven-ways-medical-practices-improve-google-search-rankings-,https://www.linkedin.com/pulse/5-proven-ways-medical-practices-improve-google-search-rankings-
5 Ways to Get Your Medical Website to the Top of Google,"If you're a doctor or run a medical website, you know how crucial it is to rank high on Google. Here's a rundown of some of the finest ways to boost your ranking.",['5 Tips for Getting Your Medical Website to the Top of Google'],https://www.sequencehealth.com/blog/5-ways-to-get-your-medical-website-to-the-top-of-google,https://www.sequencehealth.com/blog/5-ways-to-get-your-medical-website-to-the-top-of-google
How to rank health and beauty on Google’s 1st page - Quora,N/A,[],https://www.quora.com/How-do-I-rank-health-and-beauty-on-Google-s-1st-page,https://www.quora.com/How-do-I-rank-health-and-beauty-on-Google-s-1st-page
"Creating Helpful, Reliable, People-First Content | Google Search Central  |  Documentation  |  Google for Developers","Google's ranking systems are designed to present helpful, reliable information that's created to benefit people. Learn how to evaluate your own content with the self-assessment questions.","['Creating helpful, reliable, people-first content']",https://developers.google.com/search/docs/fundamentals/creating-helpful-content,https://developers.google.com/search/docs/fundamentals/creating-helpful-content
Is it almost impossible to rank in health niche without getting your content medically reviewed by a doctor or medical expert after Google introduced E-E-A-T? - Quora,N/A,[],https://www.quora.com/Is-it-almost-impossible-to-rank-in-health-niche-without-getting-your-content-medically-reviewed-by-a-doctor-or-medical-expert-after-Google-introduced-E-E-A-T,https://www.quora.com/Is-it-almost-impossible-to-rank-in-health-niche-without-getting-your-content-medically-reviewed-by-a-doctor-or-medical-expert-after-Google-introduced-E-E-A-T
How Healthcare Practices Can Rank Higher on Google & Attract More Patients,"Imagine a patient searching for a doctor in your area—would they find your practice or a competitor’s? With over 77% of patients searching online before booking an appointment, ranking higher on Google and other search engines is no longer optional—it’s essential (Google Health Trends, 2023). If you",['How Healthcare Practices Can Rank Higher on Google & Attract More Patients'],https://www.linkedin.com/pulse/how-healthcare-practices-can-rank-higher-google-attract-more-pirqe,https://www.linkedin.com/pulse/how-healthcare-practices-can-rank-higher-google-attract-more-pirqe
How to make your medical practice website rank on Google - The Intake,Can patients and prospects find you online? These SEO tips will help your medical practice website rank on Google.,['How to make your medical practice website rank on Google'],https://www.tebra.com/theintake/practice-growth/digital-marketing/make-your-medical-practice-website-rank-on-google,https://www.tebra.com/theintake/practice-growth/digital-marketing/make-your-medical-practice-website-rank-on-google
Doctor Marketing Agency Tips – How to Rank Your Medical Practice on Google Fast! 💖🌟 - YouTube,"✨ Ranking your medical practice on Google fast is essential for attracting new patients and growing your business. 💖 In this video, we’ll show you proven st...",[],https://www.youtube.com/watch?v=nRVqUnx-qf0,https://www.youtube.com/watch?v=nRVqUnx-qf0
The Best Medical SEO Keywords and Phrases in 2025,NisonCo recently conducted keyword research to create a list of medical SEO keywords. Medical providers will find the most up-to-date medical SEO list here.,"['The Best Medical SEO Keywords and Phrases for 2025', 'Best General SEO Keywords for Medical Providers', 'Best Medication SEO Keywords for Medical Providers', '', 'Best Medical Company SEO Keywords for Medical Companies', 'Best Medical Insurance SEO Questions for Medical Providers', 'Best Medical Center SEO Keywords for Medical Providers']",https://nisonco.com/best-medical-seo-keywords-phrases-2025/,https://nisonco.com/best-medical-seo-keywords-phrases-2025/
"Top 1,115 Health keywords: Wellness Wisdom - Discover Top Health Keywords","Step into the world of health mastery with our list of the top search terms related to health. Each keyword is a piece of the health puzzle, offering insights into the latest trends, research, and practices that are shaping the way we think about our well-being. From holistic approaches to innovative health tech, these terms cover the full spectrum of health topics. ",[],N/A,https://keywordseverywhere.com/ctl/top/health-keywords
Top Health Related Search Keywords in the US | Seattle Organic SEO,"Leverage these Most Searched Health & Medical Keywords for your Dental, Surgical & Medical Practices or Businesses to reach all the Millions of People Impacted by these health and medical ailments","['Top Health Related Search Keywords in the US', '“How To Fix a Toilet']",https://seattleorganicseo.com/top-health-related-search-keywords/,https://seattleorganicseo.com/top-health-related-search-keywords/
Top health care trends of 2025 and how they will impact U.S. employers,"Customer experience, condition-specific care, measurement-based behavioral health care, and generative AI are key trends to watch.",[],https://newsroom.cigna.com/top-health-care-trends-of-2025,https://newsroom.cigna.com/top-health-care-trends-of-2025
These Are the Top Wellness Trends to Watch in 2025 - CNET,"Artificial intelligence, holistic health and innovation will continue to shape how we approach wellness.",['These Are the Top Wellness Trends to Watch in 2025'],https://www.cnet.com/health/fitness/top-wellness-for-2025/,https://www.cnet.com/health/fitness/top-wellness-for-2025/
Top Health And Wellness Keywords | Free SEO Keyword List | KeySearch,,['Health And Wellness Keywords'],N/A,https://www.keysearch.co/top-keywords/health-and-wellness-keywords
What are the top health trends to look out for in 2025?,"Americans predict that cutting out processed foods, healthy aging and improving gut health will be the top three health trends in 2025, according to a study",['What are the top health trends to look out for in 2025?'],https://www.ems1.com/off-duty/what-are-the-top-health-trends-to-look-out-for-in-2025,https://www.ems1.com/off-duty/what-are-the-top-health-trends-to-look-out-for-in-2025
Top 5 Healthcare Marketing Trends For 2025 | MLCworks,"Discover the top 5 healthcare marketing trends for 2025 that will shape patient engagement, digital strategies, and industry growth. Stay ahead with expert insights from MLCworks.",['Top 5 Healthcare Marketing Trends for 2025'],https://mlcworks.com/digital/top-5-healthcare-marketing-trends-for-2025/,https://mlcworks.com/digital/top-5-healthcare-marketing-trends-for-2025/
Top Health and Nutrition Trends 2025. Consumer trends research,"Explore the latest global health and nutrition trends, including consumer insights and key innovation opportunities. Consumer trends research show that consumers",['Top Health and Nutrition Trends 2025'],https://www.innovamarketinsights.com/trends/nutrition-trends-2025/,https://www.innovamarketinsights.com/trends/nutrition-trends-2025/
Healthcare SEO: 5-Step Medical SEO Guide for Beginners,Healthcare SEO can help attract more patients to your practice. Follow these 5 medical SEO tips to increase your reach and ranking!,['Healthcare SEO: The Definitive Guide to Medical SEO'],https://www.seo.com/industries/healthcare/,https://www.seo.com/industries/healthcare/
Healthcare SEO in the US: how to get started,Use these 12 actionable tips to create a healthcare SEO strategy that will move your medical site to the top of search results,['Healthcare SEO: how to improve your organic performance'],https://www.siteimprove.com/glossary/healthcare-seo/,https://www.siteimprove.com/glossary/healthcare-seo/
Medical SEO for Medical Practices $999/mon,Medical SEO (Search Engine Optimization) or Healthcare SEO is Vital For Your Practice 96% of the Search Traffic Goes To Page 1 Google Search,['Medical SEO (Search Engine Optimization) Services Costs $799 to $1999 per month. Medical SEO is also known as Healthcare SEO and Dental SEO for\xa0Dentists.'],https://www.patientgain.com/medical-seo-doctors,https://www.patientgain.com/medical-seo-doctors
N/A,N/A,[],N/A,https://www.bostonscientific.com/content/dam/bostonscientific/uro-wh/general/ams/Resources/MH-561403-AA_medical-website-best-practices-and-seo.pdf
SEO for Doctors: 11 SEO Strategies Specific to Medical Practices,Discover proven SEO strategies tailored for medical practices to enhance visibility and attract more patients. Explore SEO for doctors now!,"['SEO for Doctors: 11 Proven SEO Strategies Specific to Medical Practices', 'Become Visible Online with Officite', ""I'm a sidebar""]",https://www.officite.com/seo-for-doctors-11-proven-seo-strategies-specific-to-medical-practices/,https://www.officite.com/seo-for-doctors-11-proven-seo-strategies-specific-to-medical-practices/
SEO for Doctors 2024 - 10 Tips SEO for Medical Practices,"The tectonic move toward local SEO for doctors has made it easier than ever to implement SEO for doctors, even whether your business is small or brand-new.",['SEO for Doctors 2024 – Guide to Winning Google Search'],https://intrepy.com/seo-for-doctors/,https://intrepy.com/seo-for-doctors/
Medical SEO Services | Medical Search Engine Optimization Company,Medical SEO is short for search engine optimization. Medical SEO involves the process of improving your medical websites rankings in search engines for targeted keywords and search queries organically (without paying for ads). Our Medical SEO services help you increase your local search rankings.,['Medical SEO'],https://intrepy.com/services/medical-seo-search-engine-optimization/,https://intrepy.com/services/medical-seo-search-engine-optimization/
N/A,N/A,[],N/A,https://neilpatel.com/blog/healthcare-seo/
The Ultimate Guide to SEO for Healthcare,"A strong healthcare SEO agency's strategy requires an investment of time, money, or both, to get your healthcare website found on page #1 in search engines.","[""The Ultimate Guide to Healthcare SEO: 3 Techniques Your Website's Organic Marketing Needs""]",https://healthcaresuccess.com/blog/healthcare-marketing/healthcare-seo-guide.html,https://healthcaresuccess.com/blog/healthcare-marketing/healthcare-seo-guide.html
How To Get It Right: Link Building For Healthcare Industries | LinkBuilder.io,Discover key link building strategies for the healthcare industry. Learn how to navigate the complexities of link building for healthcare so you can unlock the full potential of your online presence.,['How To Get It Right: Link Building For Healthcare Industries'],https://linkbuilder.io/link-building-for-healthcare/,https://linkbuilder.io/link-building-for-healthcare/
Link Building for Healthcare Websites: Top 9 Strategies in 2025!,Get 9 proven strategies for link building for healthcare websites in 2025. Boost rankings and build healthcare links the right way!,"['Link Building for Healthcare Websites: Top 9 Strategies in 2025!', 'Outsource your link building Now!']",https://outreachmonks.com/link-building-for-healthcare-websites/,https://outreachmonks.com/link-building-for-healthcare-websites/
Link Building for Healthcare Websites: A Strategic Approach,"Google views backlinks as votes—when reputable websites link to your healthcare facility, it signals credibility, authority, and trust.",['Link Building for Healthcare Websites: A Strategic Approach'],https://uppercutseo.com/link-building-for-healthcare-websites/,https://uppercutseo.com/link-building-for-healthcare-websites/
The Ultimate Guide to Backlink Building for Medical Keywords,"Introduction to Backlink Building In the digital landscape of healthcare, achieving high visibility on search engine results pages (SERPs) is crucial for medical practitioners, clinics, and hospitals. Backlink building, a fundamental aspect of search engine optimization (SEO), plays a pivotal role i",['The Ultimate Guide to Backlink Building for Medical Keywords'],https://www.linkedin.com/pulse/ultimate-guide-backlink-building-medical-keywords-rakibul-islam-61bnc,https://www.linkedin.com/pulse/ultimate-guide-backlink-building-medical-keywords-rakibul-islam-61bnc
Reddit - The heart of the internet,N/A,"[""Tips for building real high quality medical backlinks that isn't HARO""]",N/A,https://www.reddit.com/r/SEO/comments/wp1jm2/tips_for_building_real_high_quality_medical/
What is the best strategy to build a free backlink for the new health site? - Quora,N/A,[],https://www.quora.com/What-is-the-best-strategy-to-build-a-free-backlink-for-the-new-health-site,https://www.quora.com/What-is-the-best-strategy-to-build-a-free-backlink-for-the-new-health-site
Easy Link Building Strategies for Healthcare Marketers | Cardinal Digital Marketing,An in-depth guide for building your backlink portfolio that will help your healthcare practice's website rank higher on Google.,['Easy Link Building Strategies for Healthcare Marketers'],https://www.cardinaldigitalmarketing.com/healthcare-resources/blog/easy-link-building-strategies-for-healthcare-marketers/,https://www.cardinaldigitalmarketing.com/healthcare-resources/blog/easy-link-building-strategies-for-healthcare-marketers/
Best SEO Link Building Strategies For Healthcare Companies,"By implementing effective link building strategies, healthcare companies can increase their visibility, attract more organic traffic, and establish credibility within the industry.",['Best SEO Link Building Strategies For Healthcare Companies'],https://growtha.com/blog/best-seo-link-building-strategies-for-healthcare-companies,https://growtha.com/blog/best-seo-link-building-strategies-for-healthcare-companies
How can we get quality backlinks to a healthcare website? - Quora,N/A,[],https://www.quora.com/How-can-we-get-quality-backlinks-to-a-healthcare-website,https://www.quora.com/How-can-we-get-quality-backlinks-to-a-healthcare-website
