Keyword,Title,Snippet,Sentiment,Sentiment Score,Predicted CTR,Difficulty Score
SEO strategies for health blogs,Tips for Boosting Your Healthcare SEO Strategy This Year,Want to supercharge the SEO strategy for your healthcare or healthtech company? This post will zero in on four highly effective strategies ...,NEGATIVE,0.9971773624420166,0.08999999999999997,0
SEO strategies for health blogs,How to Do Healthcare and Medical SEO in 2025 - Stan Ventures,Healthcare Industry SEO Tips-Wrap Up. The information in this blog should be more than enough for you to know how SEO would work for a healthcare website.,NEGATIVE,0.606765627861023,0.55,1
SEO strategies for health blogs,SEO Strategies for Health and Wellness Businesses - Weave,Optimize your health and wellness business with expert SEO strategies. Discover tips to boost visibility and drive patient engagement.,POSITIVE,0.9990911483764648,0.6799999999999999,0
SEO strategies for health blogs,The Ultimate Guide to Healthcare SEO: 3 Techniques Your Website ...,"In addition to improving website content, SEO is achieved by optimizing several on-page and off-page elements like header tags, meta descriptions, image tags, ...",POSITIVE,0.9945282340049744,0.39,1
SEO strategies for health blogs,Medical SEO Guide | 7 Steps to Improve Keyword Rankings,"Best medical SEO practice to rank for informational keywords is to create educational content like blog posts, FAQs, or knowledge base articles.",POSITIVE,0.985663890838623,0.7,0
SEO strategies for health blogs,Seeking SEO Strategies for a Healthcare Website to Boost ... - Reddit,"I'm managing a website for a medical center and am looking for proven, legal SEO strategies to grow our online traffic, particularly in the short term.",NEGATIVE,0.9817745685577393,0.4799999999999999,0
SEO strategies for health blogs,What strategies do healthcare SEO services use to enhance ... - Quora,"Healthcare SEO tactics include optimizing website content with targeted keywords, improving site speed, and ensuring mobile responsiveness.",POSITIVE,0.9776882529258728,0.21999999999999995,0
SEO strategies for health blogs,Healthcare SEO: How to Get More Organic Traffic - Semrush,9 Effective Tactics for Your Healthcare SEO Strategy · 1. Create Content Relevant to Your Niche · 2. Demonstrate E-E-A-T · 3. Optimize Your Google ...,POSITIVE,0.9978042244911194,0.33,1
SEO strategies for health blogs,"SEO Tips For Health, Wellness & Fitness Brands: 10 Ways To Rank ...",1. Rank For The Right Keywords · 2. Don't Overstuff Your Website With Keywords · 3. Design Your Website Focussed On The Problem You're Solving · 4.,POSITIVE,0.9931123852729797,0.36,1
how to rank health tips on Google,How to optimize your healthcare content to rank higher - Blog,"Focus on long-tail keywords that are specific to your healthcare niche, as they tend to attract more targeted traffic. Create high-quality, ...",POSITIVE,0.9957661628723145,0.56,1
how to rank health tips on Google,5 Proven Ways for Medical practices to Improve their Google Search ...,Here are five proven ways to improve the search rankings for your healthcare business. Create quality content.,POSITIVE,0.9974967837333679,0.36999999999999994,0
how to rank health tips on Google,5 Tips for Getting Your Medical Website to the Top of Google,"In this blog post, we will discuss 5 ways that you can improve your ranking and get more traffic to your website.",POSITIVE,0.5295439958572388,0.29,1
how to rank health tips on Google,How to rank health and beauty on Google's 1st page - Quora,"- **Focus on Long-Tail Keywords**: These are less competitive and easier to rank for. Use tools like Ahrefs, SEMrush, or Google Keyword Planner ...",NEGATIVE,0.9994474053382874,0.38999999999999996,0
how to rank health tips on Google,"Creating Helpful, Reliable, People-First Content | Documentation","Google's ranking systems are designed to present helpful, reliable information that's created to benefit people. Learn how to evaluate your own content with ...",POSITIVE,0.9967156648635864,0.74,1
how to rank health tips on Google,Is it almost impossible to rank in health niche without getting your ...,"By incorporating relevant keywords, optimising meta tags, and enhancing user experience, you can increase your health website's ranking in ...",POSITIVE,0.9988259673118591,0.13999999999999999,0
how to rank health tips on Google,How Healthcare Practices Can Rank Higher on Google & Attract ...,How Healthcare Practices Can Rank Higher on Google & Attract More Patients · 1. Optimize for Local SEO · 2. Keyword Research: Use Terms Patients ...,POSITIVE,0.9599801301956177,0.4099999999999999,0
how to rank health tips on Google,How to make your medical practice website rank on Google - Tebra,Can patients and prospects find you online? These SEO tips will help your medical practice website rank on Google.,NEGATIVE,0.9765000343322754,0.38,1
how to rank health tips on Google,How to Rank Your Medical Practice on Google Fast! - YouTube,"Ranking your medical practice on Google fast is essential for attracting new patients and growing your business. In this video, we'll show ...",POSITIVE,0.9991936087608337,0.26999999999999996,0
top health-related keywords 2025,The Best Medical SEO Keywords and Phrases in 2025 - NisonCo,"Best Medication SEO Keywords for Medical Providers ; Lithium Medication, 40,500 ; High Blood Pressure Medication, 33,100 ; Migraine Medication, 33,100 ; Anti Nausea ...",POSITIVE,0.6129240989685059,0.8199999999999998,0
top health-related keywords 2025,Wellness Wisdom - Discover Top Health Keywords,"Top 1,115 Health keywords: Wellness Wisdom - Discover Top Health Keywords ; 1, fasting, 6,120,000 ; 2, pilates, 3,350,000 ; 3, psoriasis, 3,350,000 ; 4, healthcare ...",POSITIVE,0.9962904453277588,0.8,1
top health-related keywords 2025,Top Health Related Search Keywords in the US | Seattle Organic SEO,1 – “cancer”: 7.29 million/month searches. cancer google monthly searches ; 2 – “insomnia”: at 6.25 million/mo searches. insomnia monthly searches ; 3 – “leukemia ...,NEGATIVE,0.9965224266052246,0.44999999999999996,0
top health-related keywords 2025,Top health care trends of 2025 and how they will impact U.S. ...,"Customer experience, condition-specific care, measurement-based behavioral health care, and generative AI are key trends to watch.",POSITIVE,0.9975232481956482,0.52,1
top health-related keywords 2025,These Are the Top Wellness Trends to Watch in 2025 - CNET,Wellness trends for 2025 · Using artificial intelligence for personalized health · Sustainable self-care for a greener planet · Functional foods ...,POSITIVE,0.9982715845108032,0.27999999999999997,0
top health-related keywords 2025,Top Keywords For Health And Wellness - KeySearch,Below you will find a list of some of the most popular keywords in the health and wellness niche along with their global monthly search volume on Google.,POSITIVE,0.5121811032295227,0.73,0
top health-related keywords 2025,What are the top health trends to look out for in 2025? - EMS1,"Americans predict that cutting out processed foods, healthy aging and improving gut health will be the top three health trends in 2025, ...",POSITIVE,0.9558636546134949,0.18999999999999997,0
top health-related keywords 2025,Top 5 Healthcare Marketing Trends For 2025 | MLCworks,"Discover the top 5 healthcare marketing trends for 2025 that will shape patient engagement, digital strategies, and industry growth.",POSITIVE,0.9991325736045837,0.5699999999999998,1
top health-related keywords 2025,Top Health and Nutrition Trends 2025. Consumer trends research,"Regarding function, consumers are interested in healthy ingredients, healthy fats, hero foods, positive nutrition ingredients, and natural, ...",POSITIVE,0.9987682700157166,0.6799999999999999,0
SEO optimization for medical websites,Healthcare SEO: 5-Step Medical SEO Guide for Beginners,Healthcare SEO is optimizing a medical website for search engines to improve the site's visibility in organic search results.,NEGATIVE,0.6793556213378906,0.69,0
SEO optimization for medical websites,Healthcare SEO: how to improve your organic performance,1. Focus on quality content · 2. Make sure search engines can crawl and index your website · 3. Monitor your SEO progress · 4. Benchmark your healthcare SEO and ...,POSITIVE,0.9563581943511963,0.12999999999999995,0
SEO optimization for medical websites,Medical SEO for Medical Practices $999/mon - PatientGain,"Unlike regular SEO, medical SEO focuses on healthcare-specific guidelines, local search optimization, patient engagement strategies, and compliance with HIPAA ...",POSITIVE,0.8844847083091736,0.4699999999999999,0
SEO optimization for medical websites,[PDF] Medical Website Best Practices to Increase SEO - Boston Scientific,"What is SEO and why does it matter? SEO stands for search engine optimization. According to a 2017 research report by BrightEdge, 51% of.",NEGATIVE,0.9935407042503357,0.06999999999999999,1
SEO optimization for medical websites,SEO for Doctors: 11 SEO Strategies Specific to Medical Practices,1. Optimize Your Website for Local Searches. Local SEO is vital for medical practices as it helps you connect with patients in your vicinity.,POSITIVE,0.995621383190155,0.4,1
SEO optimization for medical websites,SEO for Doctors 2024 - 10 Tips SEO for Medical Practices,Improve practice website traffic · Rank higher for treatment and condition focused keywords · Capture competitors' websites traffic · Attract new ...,POSITIVE,0.9906168580055237,0.72,1
SEO optimization for medical websites,Medical SEO Services | Medical Search Engine Optimization ...,Medical SEO involves the process of improving your medical website's rankings in search engines for targeted keywords and search queries “organically” (without ...,NEGATIVE,0.9896982312202454,0.8299999999999998,0
SEO optimization for medical websites,How to Do Healthcare and Medical SEO - Neil Patel,10 Tips for Healthcare and Medical SEO · 1. Think of Your Patients and the Search Terms They Use to Find Medical Professionals · 2. Focus on Earning a High EAT ( ...,POSITIVE,0.9904982447624207,0.12999999999999998,0
SEO optimization for medical websites,The Ultimate Guide to Healthcare SEO: 3 Techniques Your Website ...,"A strong healthcare SEO agency's strategy requires an investment of time, money, or both, to get your healthcare website found on page #1 in search engines.",NEGATIVE,0.9316425323486328,0.25999999999999995,0
backlink strategies for healthcare sites,How To Get It Right: Link Building For Healthcare Industries,✓ Gain backlinks: Guest posting on authoritative sites provides high-quality backlinks to the healthcare provider's website. ✓ Build relationships ...,POSITIVE,0.9905622601509094,0.79,1
backlink strategies for healthcare sites,Link Building for Healthcare Websites: Top 9 Strategies in 2025!,This guide will walk you through 9 simple strategies that can improve your website's visibility and build trust through effective link-building for healthcare.,POSITIVE,0.9994078874588013,0.29,1
backlink strategies for healthcare sites,Link Building for Healthcare Websites: A Strategic Approach,Improve Search Rankings: Websites with high-quality backlinks rank higher in search results for key medical terms. Increase Referral Traffic: ...,POSITIVE,0.9896206855773926,0.75,0
backlink strategies for healthcare sites,The Ultimate Guide to Backlink Building for Medical Keywords,This guide explores the strategies and best practices for building backlinks specifically tailored to medical keywords.,POSITIVE,0.997658371925354,0.8299999999999998,1
backlink strategies for healthcare sites,Tips for building real high quality medical backlinks that isn't HARO,"Any other tips on breaking into the PR links space and/or building real, high quality medical backlinks?",NEGATIVE,0.9939447045326233,0.8,1
backlink strategies for healthcare sites,What is the best strategy to build a free backlink for the new health ...,"Create high-quality, original, and valuable content on your website that others want to link to. · Reach out to other websites in your industry ...",POSITIVE,0.9997953772544861,0.4699999999999999,0
backlink strategies for healthcare sites,Easy Link Building Strategies for Healthcare Marketers,An in-depth guide for building your backlink portfolio that will help your healthcare practice's website rank higher on Google.,POSITIVE,0.9981023669242859,0.54,1
backlink strategies for healthcare sites,Best SEO Link Building Strategies For Healthcare Companies,It is more beneficial for a healthcare website to have a few high-quality backlinks from reputable sources rather than numerous links from low-quality websites.,POSITIVE,0.713107168674469,0.72,0
backlink strategies for healthcare sites,How can we get quality backlinks to a healthcare website? - Quora,Find backlink opportunities with top referral sources. · Use external links to form partnerships. . · Use Google Search Console reports to get ...,NEGATIVE,0.9855652451515198,0.29999999999999993,0
