query,title,link,snippet,domain,displayed_link,position,date,difficulty,ctr
"""What's new on",What To Watch This Weekend: New Shows And Movies To Stream ...,https://www.forbes.com/sites/erikkain/2025/03/28/what-to-watch-this-weekend-new-shows-and-movies-to-stream-on-netflix-hulu-prime-video-apple-tv-and-more/,Everything new to stream this weekend on all your favorite streaming services from Netflix to Apple TV to Hulu and more.,,,1,2 days ago,39.92,30
"""What's new on",New TV Shows (March 2025) - Rotten Tomatoes,https://www.rottentomatoes.com/browse/tv_series_browse/sort:newest,Dying for Sex: Season 1 · Fresh score. 71%. MobLand: Season 1 · No score yet. --. The Bondsman: Season 1 · No score yet. --. Devil May Cry: Season 1.,,,2,,47.77,20
"""What's new on",New and recently added movies and TV shows - JustWatch,https://www.justwatch.com/us/new,Find out which movies and TV shows were recently added or released on your streaming services with JustWatch.,,,3,,20.75,15
"""What's new on","What's New on Netflix - List of New Series, Movies and Games",https://www.whats-on-netflix.com/whats-new/,New Releases on Netflix for March 28th · Dead Talents Society (2024) · Deva (2025) · Talk to Me (2022) · The Lady's Companion (Season 1) · The Life List (2025).,,,4,,77.5,10
"""What's new on",New on Netflix in March 2025 - Netflix Tudum,https://www.netflix.com/tudum/articles/new-on-netflix,"Here are the movies, TV shows, and original series coming to Netflix this month, including 'The Residence,' 'The Electric State,' 'With Love, Meghan,' and ...",,,5,,85.26,7
"""What's new on",Best New Movies & Shows - Max,https://www.max.com/collections/whats-new,"See what's new on Max. We're adding hit movies, new series and documentaries, and fresh seasons of hit drama and comedy shows.",,,6,,15.44,5
"""What's new on",New on Netflix - About Netflix,https://about.netflix.com/new-to-watch,New on Netflix · Earth Playlist. 4/1/2025 · The Parisian Agency: Exclusive Properties. 4/2/2025 · Love on the Spectrum. 4/2/2025 · Garnachas: Glorious Street Food!,,,7,,51.33,4
"""What's new on","New on Netflix April 2025: Movies, TV, Original Series - Vulture",https://www.vulture.com/article/new-on-netflix-movies-shows-originals.html,"On the last day of every month and once a week, we'll update this list with recommendations for what to watch that's new on Netflix.",,,8,3 days ago,41.29,3
"""What's new on",Top 25 New Movies to Stream Right Now at Home - DirecTV,https://www.directv.com/insider/top-movies-now/,"The best new movies to stream this week are: Last Breath, Anora, I'm Still Here. Find new movies across streaming services like DIRECTV On ...",,,9,5 days ago,80.97,2
16.6K Netflix Reviews | netflix.com @ PissedConsumer - Netflix has 2.5 star rating based on 7592 customer reviews. Consumers are mostly dissatisfied. 45% of users would likely recommend Netflix to a friend or ,16.6K Netflix Reviews | netflix.com @ PissedConsumer,https://netflix.pissedconsumer.com/review.html,Consumers are mostly dissatisfied. 45% of users would likely recommend Netflix to a friend or colleague. Rating Distribution.,,,1,,42.93,30
Adolescence Grips Viewers for Second Week at No. 1 - Netflix - The crime drama 'Adolescence' spends another week at No. 1 in English TV while 'The Residence' debuts on the list and 'The Electric State' ,Top 10 Shows on Netflix Right Now,https://www.netflix.com/tudum/top10/tv,Adolescence: Limited Series · 42 million views this week. #1 in Shows ; The Residence: Season 1 · 6.4 million views this week. #2 in Shows ; Running Point: Season 1.,,,1,,51.77,30
Adolescence Grips Viewers for Second Week at No. 1 - Netflix - The crime drama 'Adolescence' spends another week at No. 1 in English TV while 'The Residence' debuts on the list and 'The Electric State' ,'Adolescence' Sets Limited Series Ratings Record at Netflix - Variety,https://variety.com/2025/tv/news/adolescence-limited-series-ratings-record-netflix-1236347790/,"'Adolescence' Sets Netflix Record With 66.3 Million Views, Best Ever Two-Week Total for a Limited Series. By Selome Hailu.",,,2,5 days ago,42.36,20
Adolescence Grips Viewers for Second Week at No. 1 - Netflix - The crime drama 'Adolescence' spends another week at No. 1 in English TV while 'The Residence' debuts on the list and 'The Electric State' ,Adolescence Leads Netflix TV List In Debut Week With 24.3M Views,https://deadline.com/2025/03/adolescence-the-electric-state-premiere-viewership-netflix-1236329910/,"Netflix's ambitious one-shot series Adolescence made some noise on the platform in its debut week, racking up 24.3M views in just a few days ...",,,3,"Mar 18, 2025",39.1,15
Adolescence Grips Viewers for Second Week at No. 1 - Netflix - The crime drama 'Adolescence' spends another week at No. 1 in English TV while 'The Residence' debuts on the list and 'The Electric State' ,'Adolescence' Crime Series Dominates Netflix Weekly Streaming ...,https://www.mediaplaynews.com/netflixs-adolescence-true-crime-series-dominates-weekly-streaming-with-42-million-global-views-through-march-23/,"Since its March 13 debut, the four-episode series starring Owen Cooper as the young boy, has generated 66.3 million views, making it the most- ...",,,4,5 days ago,18.83,10
Adolescence Grips Viewers for Second Week at No. 1 - Netflix - The crime drama 'Adolescence' spends another week at No. 1 in English TV while 'The Residence' debuts on the list and 'The Electric State' ,'Adolescence' Doubles Premiere Week Viewership To Lead Netflix ...,https://www.yahoo.com/entertainment/adolescence-doubles-premiere-week-viewership-190037226.html,"Adolescence amassed 42M views from March 17 to 23, nearly double the audience from its debut week. This is an incredibly impressive performance ...",,,5,5 days ago,19.63,7
Adolescence Grips Viewers for Second Week at No. 1 - Netflix - The crime drama 'Adolescence' spends another week at No. 1 in English TV while 'The Residence' debuts on the list and 'The Electric State' ,Adolescence breaks records with 66.3 million viewers - Daily Mail,https://www.dailymail.co.uk/tv/article-14537143/Adolescence-smashes-records-66-3-million-viewers.html,"Adolescence has built on its huge success, topping Netflix's English TV series list this week with 42 million views.",,,6,5 days ago,41.62,5
Adolescence Grips Viewers for Second Week at No. 1 - Netflix - The crime drama 'Adolescence' spends another week at No. 1 in English TV while 'The Residence' debuts on the list and 'The Electric State' ,'Adolescence' Hits 24.3 Million Views in Four Days on Netflix - Variety,https://variety.com/2025/tv/news/adolescence-ratings-netflix-views-1236340680/,"Netflix's newest crime drama “Adolescence” has been a runaway hit, reaching 24.3 million views in its first four days of availability, ...",,,7,"Mar 18, 2025",19.39,4
Adolescence Grips Viewers for Second Week at No. 1 - Netflix - The crime drama 'Adolescence' spends another week at No. 1 in English TV while 'The Residence' debuts on the list and 'The Electric State' ,17 Teen Shows That Will Transport You Back to High School - Netflix,https://www.netflix.com/tudum/articles/teen-shows-on-netflix,"Adolescence Grips Viewers for Second Week at No. 1. Plus, The Residence debuts and The Electric State's Top 10 reign continues. ... Everything to Know About One- ...",,,8,,43.88,3
Adolescence Grips Viewers for Second Week at No. 1 - Netflix - The crime drama 'Adolescence' spends another week at No. 1 in English TV while 'The Residence' debuts on the list and 'The Electric State' ,Netflix's New Hit Thriller Breaks Ground With A TV Ratings Feat No ...,https://screenrant.com/adolescence-show-netflix-uk-tv-ratings-streaming-charts/,"Now, Variety has reported that Adolescence has topped the UK's weekly TV rankings, becoming the first streaming series in history to achieve the ...",,,9,6 days ago,44.09,2
Adolescence Grips Viewers for Second Week at No. 1 - Netflix - The crime drama 'Adolescence' spends another week at No. 1 in English TV while 'The Residence' debuts on the list and 'The Electric State' ,Kevin Hart Is in for a Wild 72 Hours in a New Tim Story Comedy,https://www.netflix.com/tudum/articles/kevin-hart-72-hours,"Adolescence Grips Viewers for Second Week at No. 1. Plus, The Residence debuts and The Electric State's Top 10 reign continues. By Tudum Staff. March 25. Let's ...",,,10,,23.9,1
All of the References in Next on Netflix 2025 - A Guide to Every Film and Series Reference in the Next on Netflix 2025 Video  Stranger Things  Stranger Things  Booksplosion  Squid Game  Love ,All of the References in Next on Netflix 2025,https://www.netflix.com/tudum/articles/next-on-netflix-2025-references,"The Next on Netflix video offers glimpses of Squid Game, Stranger Things, and Wednesday Season 2.",,,1,"Jan 30, 2025",66.58,30
All of the References in Next on Netflix 2025 - A Guide to Every Film and Series Reference in the Next on Netflix 2025 Video  Stranger Things  Stranger Things  Booksplosion  Squid Game  Love ,New Movies and Shows Coming in 2025 - Netflix Tudum,https://www.netflix.com/tudum/next-on-netflix,Deep Dive. A Guide to Every Film and Series Reference in the Next on Netflix 2025 Video. Did you catch them all? By Tara Bitran. Jan. 30. News.,,,2,"Jan 30, 2025",11.09,20
All of the References in Next on Netflix 2025 - A Guide to Every Film and Series Reference in the Next on Netflix 2025 Video  Stranger Things  Stranger Things  Booksplosion  Squid Game  Love ,All of the References in Next on Netflix 2025 - IMDb,https://www.imdb.com/news/ni65100743/?ref_=tt_nwr_2,"Go inside all the thrilling titles heading to your queue in 2025. You might not be ready for what's next on Netflix this year, but trust that it's going to be ...",,,3,"Jan 30, 2025",71.54,15
All of the References in Next on Netflix 2025 - A Guide to Every Film and Series Reference in the Next on Netflix 2025 Video  Stranger Things  Stranger Things  Booksplosion  Squid Game  Love ,YOU'RE NOT READY | NEXT ON NETFLIX 2025 - YouTube,https://www.youtube.com/watch?v=l3awNa95Aw8,"Spoiler alert: 2025 is the biggest year ever on Netflix. Trust us, you're not ready for the end of Stranger Things and Squid Game.",,,4,"Jan 30, 2025",76.28,10
All of the References in Next on Netflix 2025 - A Guide to Every Film and Series Reference in the Next on Netflix 2025 Video  Stranger Things  Stranger Things  Booksplosion  Squid Game  Love ,Netflix 2025 Series Slate: New Seasons Of 'Stranger Things ... - Reddit,https://www.reddit.com/r/netflix/comments/1ie6oif/netflix_2025_series_slate_new_seasons_of_stranger/,"Netflix 2025 Series Slate: New Seasons Of 'Stranger Things,' 'Wednesday,' 'Squid Game,' 'Black Mirror'. News Article.",,,5,"Jan 31, 2025",57.26,7
All of the References in Next on Netflix 2025 - A Guide to Every Film and Series Reference in the Next on Netflix 2025 Video  Stranger Things  Stranger Things  Booksplosion  Squid Game  Love ,We've Got the Scoop on Netflix's 2025 Releases: 'Stranger Things 5 ...,https://www.cnet.com/tech/services-and-software/netflix-2025-releases-stranger-things-5-squid-game-3-more/,"We've Got the Scoop on Netflix's 2025 Releases: 'Stranger Things 5,' 'Squid Game 3' and More. Get ready -- the streamer has an absolute ...",,,6,"Jan 30, 2025",31.22,5
All of the References in Next on Netflix 2025 - A Guide to Every Film and Series Reference in the Next on Netflix 2025 Video  Stranger Things  Stranger Things  Booksplosion  Squid Game  Love ,Next on Netflix • 2025 | Stranger Things. Squid Game. Wednesday ...,https://www.facebook.com/netflixus/videos/next-on-netflix-2025/2151610665291734/,Next on Netflix • 2025. Stranger Things. Squid Game. Wednesday. You're not ready for 2025.,,,7,"Jan 29, 2025",50.54,4
All of the References in Next on Netflix 2025 - A Guide to Every Film and Series Reference in the Next on Netflix 2025 Video  Stranger Things  Stranger Things  Booksplosion  Squid Game  Love ,"Netflix 2025 series lineup revealed: Squid Game 3, Wednesday 2 ...",https://m.economictimes.com/news/international/us/netflix-2025-series-lineup-revealed-squid-game-3-wednesday-2-stranger-things-5-more-release-dates-inside/articleshow/117750379.cms,"Netflix 2025 will feature exciting new seasons of popular shows like Squid Game Season 3, Wednesday Season 2, and Stranger Things Season 4.",,,8,"Jan 30, 2025",72.22,3
All of the References in Next on Netflix 2025 - A Guide to Every Film and Series Reference in the Next on Netflix 2025 Video  Stranger Things  Stranger Things  Booksplosion  Squid Game  Love ,You're Not Ready for What's Next: Netflix Reveals Upcoming Series ...,https://about.netflix.com/news/netflix-reveals-upcoming-us-series-films-and-games-for-2025,"2025 will also have plenty of Returning Favorites including three of our biggest shows ever — Stranger Things, Wednesday and Squid Game. Bajaria ...",,,9,"Jan 30, 2025",26.34,2
Netflix - Apps on Google Play - We've got award-winning series movies documentaries and stand-up specials. And with the mobile app you get Netflix while you travel commute or just take ,Netflix - Apps on Google Play,https://play.google.com/store/apps/details?id=com.netflix.mediaclient&hl=en_US,"We've got award-winning series, movies, documentaries, and stand-up specials. And with the mobile app, you get Netflix while you travel, commute, or just take ...",,,1,,88.83,30
Netflix - Apps on Google Play - We've got award-winning series movies documentaries and stand-up specials. And with the mobile app you get Netflix while you travel commute or just take ,Netflix - Apple,https://apps.apple.com/us/app/netflix/id363590051,"We've got award-winning series, movies, documentaries, and stand-up specials. And with the mobile app, you get Netflix while you travel, commute, or just take ...",,,2,,25.37,20
Netflix - Apps on Google Play - We've got award-winning series movies documentaries and stand-up specials. And with the mobile app you get Netflix while you travel commute or just take ,"Netflix - Watch TV Shows Online, Watch Movies Online",https://www.netflix.com/,"Netflix is a streaming service that offers a wide variety of award-winning TV shows, movies, anime, documentaries, and more on thousands of internet-connected ...",,,3,,24.11,15
Netflix - Apps on Google Play - We've got award-winning series movies documentaries and stand-up specials. And with the mobile app you get Netflix while you travel commute or just take ,Netflix on the App Store,https://apps.apple.com/sk/app/netflix/id363590051,"We've got award-winning series, films, documentaries and stand-up specials. And with the mobile app, you get Netflix while you travel, commute or just take a ...",,,4,,72.53,10
Netflix - Apps on Google Play - We've got award-winning series movies documentaries and stand-up specials. And with the mobile app you get Netflix while you travel commute or just take ,Netflix - Free download and install on Windows | Microsoft Store,https://apps.microsoft.com/detail/9wzdncrfj3tj?hl=en-US&gl=US,"We've got award-winning series, movies, documentaries, and stand-up specials. And with the mobile app, you get Netflix while you travel, commute, or just take ...",,,5,"Oct 18, 2010",73.44,7
Netflix - Apps on Google Play - We've got award-winning series movies documentaries and stand-up specials. And with the mobile app you get Netflix while you travel commute or just take ,What is Netflix? - Netflix Help Center,https://help.netflix.com/en/node/412,Netflix is a subscription-based streaming service that allows our members to watch TV shows and movies on an internet-connected device.,,,6,,77.48,5
Netflix - Apps on Google Play - We've got award-winning series movies documentaries and stand-up specials. And with the mobile app you get Netflix while you travel commute or just take ,Netflix not installable on FP3? - Fairphone Community Forum,https://forum.fairphone.com/t/netflix-not-installable-on-fp3/59306,"We've got award-winning series, movies, documentaries, and stand-up specials. ... you get Netflix while you travel, commute, or just take a break.",,,7,"Mar 5, 2020",88.34,4
Netflix - Apps on Google Play - We've got award-winning series movies documentaries and stand-up specials. And with the mobile app you get Netflix while you travel commute or just take ,Is the ALTBalaji subscription worth buying when Netflix and Amazon ...,https://www.quora.com/Is-the-ALTBalaji-subscription-worth-buying-when-Netflix-and-Amazon-Prime-are-already-in-the-market,"So, it totally depends on the taste that you have got for web series. This time I asked my cousins to subscribe for Hotstar for watching GOT.",,,8,"Dec 17, 2018",46.31,3
Netflix - Apps on Google Play - We've got award-winning series movies documentaries and stand-up specials. And with the mobile app you get Netflix while you travel commute or just take ,How to use Netflix on your Android phone or tablet,https://help.netflix.com/en/node/23939,"To get the Netflix app: Open the Play Store app, then search for ""Netflix."" In the list, find and tap the Netflix app. Tap Install. Exit the Play Store app. Go ...",,,9,,13.23,2
Netflix - Apps on Google Play - We've got award-winning series movies documentaries and stand-up specials. And with the mobile app you get Netflix while you travel commute or just take ,Netflix 9.10.1 build 2 62578 beta - APKMirror,https://www.apkmirror.com/apk/netflix-inc/netflix/netflix-9-10-1-build-2-62578-release/,"We've got award-winning series, movies, documentaries, and stand-up specials. And with the mobile app, you get Netflix while you travel, commute, or just take a ...",,,10,,37.49,1
Netflix - Watch TV Shows Online Watch Movies Online - Netflix is a streaming service that offers a wide variety of award-winning TV shows movies anime documentaries and more on thousands of internet-connected ,"Netflix - Watch TV Shows Online, Watch Movies Online",https://www.netflix.com/,"Watch Netflix movies & TV shows online or stream right to your smart TV, game console, PC, Mac, mobile, tablet and more.",,,1,,75.58,30
Netflix - Watch TV Shows Online Watch Movies Online - Netflix is a streaming service that offers a wide variety of award-winning TV shows movies anime documentaries and more on thousands of internet-connected ,"Unlimited movies, TV shows, and more - Netflix",https://www.netflix.com/?titleid=215852,"Netflix has an extensive library of feature films, documentaries, TV shows, anime, award-winning Netflix originals, and more. Watch as much as you want, anytime ...",,,2,,50.46,20
Netflix - Watch TV Shows Online Watch Movies Online - Netflix is a streaming service that offers a wide variety of award-winning TV shows movies anime documentaries and more on thousands of internet-connected ,What is Netflix? - Netflix Help Center,https://help.netflix.com/en/node/412,Netflix is a subscription-based streaming service that allows our members to watch TV shows and movies on an internet-connected device.,,,3,,46.37,15
Netflix - Watch TV Shows Online Watch Movies Online - Netflix is a streaming service that offers a wide variety of award-winning TV shows movies anime documentaries and more on thousands of internet-connected ,TV Shows | Netflix Official Site,https://www.netflix.com/browse/genre/83,"Netflix has an extensive library of feature films, documentaries, TV shows, anime, award-winning Netflix originals, and more. Watch as much as you want, anytime ...",,,4,,28.84,10
Netflix - Watch TV Shows Online Watch Movies Online - Netflix is a streaming service that offers a wide variety of award-winning TV shows movies anime documentaries and more on thousands of internet-connected ,Netflix Product Information and Latest Updates (2025) - Product Hunt,https://www.producthunt.com/products/netflix,"Netflix is a streaming service that offers a wide variety of award-winning TV shows, movies, anime, documentaries, and more on thousands of internet-connected ...",,,5,,60.12,7
Netflix - Watch TV Shows Online Watch Movies Online - Netflix is a streaming service that offers a wide variety of award-winning TV shows movies anime documentaries and more on thousands of internet-connected ,Anime | Netflix Official Site,https://www.netflix.com/browse/genre/7424,"Netflix has an extensive library of feature films, documentaries, TV shows, anime, award-winning Netflix originals, and more. Watch as much as you want, anytime ...",,,6,,55.44,5
Netflix - Watch TV Shows Online Watch Movies Online - Netflix is a streaming service that offers a wide variety of award-winning TV shows movies anime documentaries and more on thousands of internet-connected ,What is a feature of Netflix you wish was available on the web or TVs?,https://www.quora.com/What-is-a-feature-of-Netflix-you-wish-was-available-on-the-web-or-TVs,"Netflix has thousands of different TV shows and movies to watch. It ... Netflix offers users thousands of movies, TV programs, and more.",,,7,"Oct 28, 2024",43.95,4
Netflix - Watch TV Shows Online Watch Movies Online - Netflix is a streaming service that offers a wide variety of award-winning TV shows movies anime documentaries and more on thousands of internet-connected ,What are the best anime movies and shows on Netflix? - Quora,https://www.quora.com/What-are-the-best-anime-movies-and-shows-on-Netflix,"Netflix is the best streaming entertainment provider. It offers a wide range of familiar network shows as well as more original series, films, ...",,,8,"Jul 24, 2013",87.22,3
Netflix - Watch TV Shows Online Watch Movies Online - Netflix is a streaming service that offers a wide variety of award-winning TV shows movies anime documentaries and more on thousands of internet-connected ,Netflix - Wikipedia,https://en.wikipedia.org/wiki/Netflix,Netflix is an American subscription video on-demand over-the-top streaming service. The service primarily distributes original and acquired films and ...,,,9,,69.96,2
Netflix - Watch TV Shows Online Watch Movies Online - Netflix is a streaming service that offers a wide variety of award-winning TV shows movies anime documentaries and more on thousands of internet-connected ,Netflix outages reported in the last 24 hours - Downdetector,https://downdetector.com/status/netflix/,"User reports indicate no current problems at Netflix. Netflix is a streaming service that offers a wide variety of award-winning TV shows, movies, anime ...",,,10,,29.95,1
Netflix Review - PCMag - While pricey Netflix remains one of the best video streaming services thanks to its huge catalog of TV shows movies and critically acclaimed originals,Netflix Review - PCMag,https://www.pcmag.com/reviews/netflix,"While pricey, Netflix remains one of the best video streaming services, thanks to its huge catalog of TV shows, movies, and critically acclaimed originals.",,,1,,78.98,30
Netflix Review - PCMag - While pricey Netflix remains one of the best video streaming services thanks to its huge catalog of TV shows movies and critically acclaimed originals,"Netflix Reviews, News, and Deals - PCMag",https://www.pcmag.com/brands/netflix,"While pricey, Netflix remains one of the best video streaming services, thanks to its huge catalog of TV shows, movies, and critically acclaimed originals.",,,2,,38.01,20
Netflix Review - PCMag - While pricey Netflix remains one of the best video streaming services thanks to its huge catalog of TV shows movies and critically acclaimed originals,"PCMag on X: ""Netflix is still one of the best video streaming services ...",https://x.com/PCMag/status/1883745538639626471,"While pricey, Netflix remains one of the best video streaming services, thanks to its huge catalog of TV shows, movies, and critically ...",,,3,"Jan 27, 2025",83.98,15
Netflix Review - PCMag - While pricey Netflix remains one of the best video streaming services thanks to its huge catalog of TV shows movies and critically acclaimed originals,"PCMag on X: ""Netflix is still one of the best video streaming services ...",https://twitter.com/PCMag/status/1727885117224296557,"Netflix's large collection of TV shows and movies, including critically acclaimed originals, make it one of the best video streaming services ...",,,4,"Nov 24, 2023",60.59,10
Netflix Review - PCMag - While pricey Netflix remains one of the best video streaming services thanks to its huge catalog of TV shows movies and critically acclaimed originals,"Which one has a bigger movie and TV series library, Netflix ... - Quora",https://www.quora.com/Which-one-has-a-bigger-movie-and-TV-series-library-Netflix-or-Amazon-Prime-Video,"Netflix has 10–20x the amount of original shows and movies, their catalog is better organized, and their customer service blows away competition ...",,,5,"Dec 15, 2020",70.33,7
Netflix Review - PCMag - While pricey Netflix remains one of the best video streaming services thanks to its huge catalog of TV shows movies and critically acclaimed originals,Netflix - Wikipedia,https://en.wikipedia.org/wiki/Netflix,Netflix is an American subscription video on-demand over-the-top streaming service. The service primarily distributes original and acquired films and ...,,,6,,24.97,5
Netflix Review - PCMag - While pricey Netflix remains one of the best video streaming services thanks to its huge catalog of TV shows movies and critically acclaimed originals,The Best Video Streaming Services for 2025 - Yahoo,https://www.yahoo.com/tech/best-video-streaming-services-2024-194348278.html,"Our top picks, including Hulu and Netflix, are terrific starting points if you want to stream the best movie and television programming. New ...",,,7,"Feb 18, 2025",82.28,4
Netflix Review - PCMag - While pricey Netflix remains one of the best video streaming services thanks to its huge catalog of TV shows movies and critically acclaimed originals,Netflix Review 2025 | How Does It Compare? - Allconnect,https://www.allconnect.com/streaming/netflix-review,"Is Netflix still the best streaming service in 2025? We take a look at how Netflix compares with major competitors like Hulu, Prime Video and Disney+.",,,8,,15.31,3
Netflix Review - PCMag - While pricey Netflix remains one of the best video streaming services thanks to its huge catalog of TV shows movies and critically acclaimed originals,"Netflix Review 2025: Plans, Pricing, and More - Cable TV",https://www.cabletv.com/netflix,"At a base price of $7.99 a month, Netflix's ad-supported plan delivers a thunderous bang for your subscription buck.",,,9,,26.36,2
Netflix Review - PCMag - While pricey Netflix remains one of the best video streaming services thanks to its huge catalog of TV shows movies and critically acclaimed originals,Netflix Review: Our Top Choice in a Crowded Market - CNET,https://www.cnet.com/tech/services-and-software/netflix-review-our-top-choice-in-crowded-market/,"Netflix remains my favorite streaming platform of the increasingly large bunch. It has a huge selection of movies and TV shows old and new, tons of high- ...",,,10,"Jun 24, 2024",27.16,1
Netflix Reviews - 1541 Reviews of netflix.com - Sitejabber - Netflix has a rating of 3 stars from 1541 reviews indicating that most customers are generally dissatisfied with their purchases,Netflix Reviews - 1541 Reviews of netflix.com - Sitejabber,https://www.sitejabber.com/reviews/netflix.com,"Netflix has a rating of 3 stars from 1,823 reviews, indicating that most customers are generally dissatisfied with their purchases. Reviewers dissatisfied ...",,,1,,58.89,30
Netflix Reviews - 1541 Reviews of netflix.com - Sitejabber - Netflix has a rating of 3 stars from 1541 reviews indicating that most customers are generally dissatisfied with their purchases,netflix.com Reviews | check if site is scam or legit - ScamAdviser.com,https://www.scamadviser.com/check-website/netflix.com,It seems that netflix.com is legit and safe to use and not a scam website. The review of netflix.com is positive.,,,2,,68.91,20
New on Netflix in March 2025 - New on Netflix in March 2025. Stream The Electric State Temptation Island Drive to Survive The Residence and more. By Erin Corbett,New on Netflix in March 2025 - Netflix Tudum,https://www.netflix.com/tudum/articles/new-on-netflix,"New on Netflix in March 2025. Stream The Electric State, Temptation Island, Drive to Survive, The Residence, and more. By Erin Corbett.",,,1,,37.71,30
New on Netflix in March 2025 - New on Netflix in March 2025. Stream The Electric State Temptation Island Drive to Survive The Residence and more. By Erin Corbett,"Top 10 Movies and Shows on Netflix: Week of March 10, 2025",https://www.netflix.com/tudum/articles/top-10-march-10-2025,"March 19. New on Netflix. New on Netflix in March 2025. Stream The Electric State, Drive to Survive, The Residence, and more. By Erin Corbett.",,,2,"Mar 18, 2025",54.25,20
New on Netflix in March 2025 - New on Netflix in March 2025. Stream The Electric State Temptation Island Drive to Survive The Residence and more. By Erin Corbett,"The Electric State Cast, News, Videos and more - Netflix",https://www.netflix.com/tudum/the-electric-state,"March 19. New on Netflix. New on Netflix in March 2025. Stream The Electric State, Drive to Survive, The Residence, and more. By Erin Corbett. March 13. News.",,,3,,78.87,15
New on Netflix in March 2025 - New on Netflix in March 2025. Stream The Electric State Temptation Island Drive to Survive The Residence and more. By Erin Corbett,Adolescence Grips Viewers for Second Week at No. 1 - Netflix,https://www.netflix.com/tudum/articles/top-10-march-17-2025,"March 19. New on Netflix. New on Netflix in March 2025. Stream The Electric State, Drive to Survive, The Residence, and more. By Erin Corbett.",,,4,5 days ago,16.67,10
New on Netflix in March 2025 - New on Netflix in March 2025. Stream The Electric State Temptation Island Drive to Survive The Residence and more. By Erin Corbett,Go Courtside with These Shows and Movies This Weekend - Netflix,https://www.netflix.com/tudum/articles/what-to-watch-this-weekend-movies-shows-march-28-2025,"March 24. New on Netflix. New on Netflix in March 2025. Stream The Electric State, Drive to Survive, The Residence, and more. By Erin Corbett.",,,5,2 days ago,16.32,7
New on Netflix in March 2025 - New on Netflix in March 2025. Stream The Electric State Temptation Island Drive to Survive The Residence and more. By Erin Corbett,"Temptation Island Cast, News, Videos and more - Netflix",https://www.netflix.com/tudum/temptation-island,"By Ariana Romero. March 13. New on Netflix. New on Netflix in March 2025. Stream The Electric State, Drive to Survive, The Residence, and more. By Erin Corbett.",,,6,,13.97,5
New on Netflix in March 2025 - New on Netflix in March 2025. Stream The Electric State Temptation Island Drive to Survive The Residence and more. By Erin Corbett,"Top 10 Movies and Shows on Netflix: Week of March 3, 2025",https://www.netflix.com/tudum/articles/top-10-march-3-2025,"March 19. New on Netflix. New on Netflix in March 2025. Stream The Electric State, Drive to Survive, The Residence, and more. By Erin Corbett. March 13. News.",,,7,,40.3,4
New on Netflix in March 2025 - New on Netflix in March 2025. Stream The Electric State Temptation Island Drive to Survive The Residence and more. By Erin Corbett,"In The Electric State, Millie Bobby Brown and Chris Pratt Team Up ...",https://www.netflix.com/tudum/articles/russo-brothers-new-netflix-movie-electric-state,"Starring Millie Bobby Brown and Chris Pratt, The Electric State is an epic new science fiction adventure from the Russo brothers.",,,8,,64.15,3
New on Netflix in March 2025 - New on Netflix in March 2025. Stream The Electric State Temptation Island Drive to Survive The Residence and more. By Erin Corbett,Watch the Trailer for 'The Electric State' - Netflix Tudum,https://www.netflix.com/tudum/videos/watch-the-trailer-for-the-electric-state,"March 19. New on Netflix. New on Netflix in March 2025. Stream The Electric State, Drive to Survive, The Residence, and more. By Erin Corbett. March 13. News.",,,9,,67.09,2
Popular and Trending - Netflix - New on Netflix in March 2025. Stream The Electric State Drive to Survive The Residence and more,"Top 10 Movies and Shows on Netflix: Week of March 10, 2025",https://www.netflix.com/tudum/articles/top-10-march-10-2025,"March 19. New on Netflix. New on Netflix in March 2025. Stream The Electric State, Drive to Survive, The Residence, and more. By Erin Corbett.",,,1,"Mar 18, 2025",53.04,30
Popular and Trending - Netflix - New on Netflix in March 2025. Stream The Electric State Drive to Survive The Residence and more,New on Netflix in March 2025 - Netflix Tudum,https://www.netflix.com/tudum/articles/new-on-netflix,"New on Netflix in March 2025. Stream The Electric State, Temptation Island, Drive to Survive, The Residence, and more. By Erin Corbett.",,,2,,78.36,20
Popular and Trending - Netflix - New on Netflix in March 2025. Stream The Electric State Drive to Survive The Residence and more,New Netflix Shows and Movies in March 2025 - TV Guide,https://www.tvguide.com/news/new-netflix-shows-movies-march-2025/,"The new movies and TV shows on Netflix in March include the sci-fi film The Electric State, the British one-take drama Adolescence, and John ...",,,3,4 days ago,59.12,15
Popular and Trending - Netflix - New on Netflix in March 2025. Stream The Electric State Drive to Survive The Residence and more,Adolescence Grips Viewers for Second Week at No. 1 - Netflix,https://www.netflix.com/tudum/articles/top-10-march-17-2025,"March 19. New on Netflix. New on Netflix in March 2025. Stream The Electric State, Drive to Survive, The Residence, and more. By Erin Corbett.",,,4,5 days ago,64.94,10
Popular and Trending - Netflix - New on Netflix in March 2025. Stream The Electric State Drive to Survive The Residence and more,"The Electric State Cast, News, Videos and more - Netflix",https://www.netflix.com/tudum/the-electric-state,"March 19. New on Netflix. New on Netflix in March 2025. Stream The Electric State, Drive to Survive, The Residence, and more. By Erin Corbett. March 13. News.",,,5,,24.32,7
Popular and Trending - Netflix - New on Netflix in March 2025. Stream The Electric State Drive to Survive The Residence and more,Watch The Electric State | Netflix Official Site,https://www.netflix.com/title/81601562,"An orphaned teen hits the road with a mysterious robot to find her long-lost brother, teaming up with a smuggler and his wisecracking sidekick.",,,6,,66.52,5
Popular and Trending - Netflix - New on Netflix in March 2025. Stream The Electric State Drive to Survive The Residence and more,What's Coming to Netflix in March 2025,https://www.whats-on-netflix.com/coming-soon/whats-coming-to-netflix-in-march-2025/,The Electric State (2025) Netflix Original – Millie Bobby Brown and Chris Pratt stars in what may be Netflix's biggest budget movie in its ...,,,7,"Mar 5, 2025",62.01,4
Popular and Trending - Netflix - New on Netflix in March 2025. Stream The Electric State Drive to Survive The Residence and more,All the New Movies and Shows Streaming on Netflix in March 2025,https://collider.com/new-on-netflix-march-2025/,"Here's a look at all the new movies and shows arriving on Netflix in March 2025, including The Electric State and The Residence.",,,8,"Feb 27, 2025",63.56,3
Popular and Trending - Netflix - New on Netflix in March 2025. Stream The Electric State Drive to Survive The Residence and more,"New On Netflix March 2025, Plus What's Coming Next - Decider",https://decider.com/article/new-on-netflix/,"From old classics to brand new films having their premieres, Netflix is full of top-notch movies, documentaries, and comedy specials this March.",,,9,"Mar 3, 2025",70.54,2
Read Customer Service Reviews of www.netflix.com - Trustpilot - Join the 10992 people who've already reviewed Netflix. Your experience can help others make better choices,Read Customer Service Reviews of www.netflix.com - Trustpilot,https://www.trustpilot.com/review/www.netflix.com,Join the 10992 people who've already reviewed Netflix. Your experience can help others make better choices.,,,1,,60.55,30
Read Customer Service Reviews of www.netflix.com - Trustpilot - Join the 10992 people who've already reviewed Netflix. Your experience can help others make better choices,Read Customer Service Reviews of www.netflix.com - Trustpilot,https://ie.trustpilot.com/review/www.netflix.com?page=6,Join the 10976 people who've already reviewed Netflix. Your experience can help others make better choices. | Read 101-120 Reviews out of 5453.,,,2,,15.99,20
Read Customer Service Reviews of www.netflix.com - Trustpilot - Join the 10992 people who've already reviewed Netflix. Your experience can help others make better choices,Read Customer Service Reviews of www.netflix.com - Trustpilot,https://ca.trustpilot.com/review/www.netflix.com?page=2,Join the 10974 people who've already reviewed Netflix. Your experience can help others make better choices. | Read 21-40 Reviews out of 5451.,,,3,,24.12,15
Read Customer Service Reviews of www.netflix.com - Trustpilot - Join the 10992 people who've already reviewed Netflix. Your experience can help others make better choices,Netflix Reviews | 184 of 271 - Trustpilot,https://www.trustpilot.com/review/www.netflix.com?page=184,Join the 10894 people who've already reviewed Netflix. Your experience can help others make better choices. | Read 3661-3680 Reviews out of 5402.,,,4,,38.3,10
Read Customer Service Reviews of www.netflix.com - Trustpilot - Join the 10992 people who've already reviewed Netflix. Your experience can help others make better choices,Netflix Reviews | 139 of 271 - Trustpilot,https://www.trustpilot.com/review/www.netflix.com?page=139,Join the 10903 people who've already reviewed Netflix. Your experience can help others make better choices. | Read 2761-2780 Reviews out of 5403.,,,5,,19.98,7
Read Customer Service Reviews of www.netflix.com - Trustpilot - Join the 10992 people who've already reviewed Netflix. Your experience can help others make better choices,Netflix Reviews - 1541 Reviews of netflix.com - Sitejabber,https://www.sitejabber.com/reviews/netflix.com,"Netflix has a rating of 3 stars from 1541 reviews, indicating that most customers are generally dissatisfied with their purchases.",,,6,,54.82,5
Read Customer Service Reviews of www.netflix.com - Trustpilot - Join the 10992 people who've already reviewed Netflix. Your experience can help others make better choices,Netflix Reviews | 108 of 271 - Trustpilot,https://ie.trustpilot.com/review/www.netflix.com?page=108,Join the 10894 people who've already reviewed Netflix. Your experience can help others make better choices. | Read 2141-2160 Reviews out of 5402.,,,7,,23.0,4
Read Customer Service Reviews of www.netflix.com - Trustpilot - Join the 10992 people who've already reviewed Netflix. Your experience can help others make better choices,16.6K Netflix Reviews | netflix.com @ PissedConsumer,https://netflix.pissedconsumer.com/review.html,Netflix has 2.5 star rating based on 7592 customer reviews. Consumers are mostly dissatisfied. · 45% of users would likely recommend Netflix to a friend or ...,,,8,,35.08,3
Read Customer Service Reviews of www.netflix.com - Trustpilot - Join the 10992 people who've already reviewed Netflix. Your experience can help others make better choices,Annual report and audited financial statements - BlackRock,https://www.blackrock.com/uk/literature/annual-report/ishares-vii-plc-annual-report-en-31-jul-24.pdf,"For Swiss investors: The prospectus of the Entity, the Articles of Association, the Key Information Documents (""KID""), the latest annual report.",,,9,,60.06,2
"Stream The Electric State Drive to Survive The Residence and more.""",Watch The Electric State | Netflix Official Site,https://www.netflix.com/title/81601562,"An orphaned teen hits the road with a mysterious robot to find her long-lost brother, teaming up with a smuggler and his wisecracking sidekick.",,,1,,50.5,30
"Stream The Electric State Drive to Survive The Residence and more.""","The Electric State Cast, News, Videos and more - Netflix",https://www.netflix.com/tudum/the-electric-state,"Stream The Electric State, Drive to Survive, The Residence, and more. By Erin Corbett. March 13. News. The Residence Cast: Who's Who in the White House Whodunit ...",,,2,,63.49,20
"Stream The Electric State Drive to Survive The Residence and more.""",'The Electric State': How to Stream the New Movie From the Russo ...,https://www.cnet.com/tech/services-and-software/the-electric-state-how-to-stream-the-new-movie-from-the-russo-brothers/,"We've successfully tested using Netflix and an ExpressVPN server in New York City, so that's one location you could choose to watch the new film ...",,,3,"Mar 13, 2025",17.21,15
"Stream The Electric State Drive to Survive The Residence and more.""",The Electric State | Where to Stream and Watch - Decider,https://decider.com/movie/the-electric-state/,Millie Bobby Brown and Chris Pratt journey into a robot wasteland wearing terrible wigs in this $320 million Netflix movie.,,,4,,45.26,10
"Stream The Electric State Drive to Survive The Residence and more.""",The Electric State streaming: where to watch online? - JustWatch,https://www.justwatch.com/us/movie/the-electric-state,"Find out how and where to watch ""The Electric State"" on Netflix and Prime Video today - including free options.",,,5,,50.98,7
"Stream The Electric State Drive to Survive The Residence and more.""",The Electric State Streaming Release Date: When Is It Coming Out ...,https://www.yahoo.com/entertainment/electric-state-streaming-release-date-060420070.html,"The Electric State's streaming release date is March 14, 2025. The Electric State is loosely based on a graphic novel of the same name by Swedish artist Simon ...",,,6,"Jan 16, 2025",27.99,5
"Stream The Electric State Drive to Survive The Residence and more.""",'The Electric State' Netflix Movie Review: Stream It Or Skip It? - Decider,https://decider.com/2025/03/17/the-electric-state-netflix-movie-review/,Now on Netflix: a movie espousing the benefits of unplugging yourself from algorithms! Will anybody listen?,,,7,"Mar 17, 2025",21.31,4
"Stream The Electric State Drive to Survive The Residence and more.""",The Electric State | Rotten Tomatoes,https://www.rottentomatoes.com/m/the_electric_state,Watch The Electric State with a subscription on Netflix. The Electric State. What to Know.,,,8,,23.73,3
"Stream The Electric State Drive to Survive The Residence and more.""",The Electric State | Co-Star Challenge | Netflix | I'd so watch Enola ...,https://www.facebook.com/NetflixANZ/videos/the-electric-state-co-star-challenge-netflix/636046509358442/,More videos you may like. 01:41. The Notebook | Scene Lift ... Formula 1: Drive To Survive | Daniel's Departure | Netflix. 1 day ago ...,,,9,"Mar 12, 2025",51.78,2
"Stream The Electric State Drive to Survive The Residence and more.""",THE ELECTRIC STATE (2025) - Official Trailer Streaming: March 14 ...,https://www.instagram.com/whentostream/reel/DDuNEZjvt8Y/?locale=zh-hans&hl=af,"... stream, including Eraserhead, Twin Peaks: Fire Walk with Me, Lost Highway, Mulholland Drive, and Inland Empire. 更多. 9小时前 · whentostream的 ...",,,10,"Dec 18, 2024",13.25,1
"Stream The Electric State Temptation Island Drive to Survive The Residence and more. By Erin Corbett.""","The Electric State Cast, News, Videos and more - Netflix",https://www.netflix.com/tudum/the-electric-state,"Stream The Electric State, Drive to Survive, The Residence, and more. By Erin Corbett. March 13. News. The Residence Cast: Who's Who in the White House Whodunit ...",,,1,,45.02,30
"Stream The Electric State Temptation Island Drive to Survive The Residence and more. By Erin Corbett.""","Temptation Island Cast, News, Videos and more - Netflix",https://www.netflix.com/tudum/temptation-island,"Stream The Electric State, Drive to Survive, The Residence, and more. By Erin Corbett. March 13. News. The Residence Cast: Who's Who in the White House Whodunit ...",,,2,,41.19,20
"Stream The Electric State Temptation Island Drive to Survive The Residence and more. By Erin Corbett.""",Go Courtside with These Shows and Movies This Weekend - Netflix,https://www.netflix.com/tudum/articles/what-to-watch-this-weekend-movies-shows-march-28-2025,"Stream The Electric State, Drive to Survive, The Residence, and more. By Erin Corbett. March 13. News. Ransom Canyon Trailer and Images Take ...",,,3,2 days ago,29.65,15
"Stream The Electric State Temptation Island Drive to Survive The Residence and more. By Erin Corbett.""","3 Body Problem Cast, News, Videos and more - Netflix",https://www.netflix.com/tudum/3-body-problem,"Stream The Electric State, Drive to Survive, The Residence, and more. By Erin Corbett. March 13. News. The Residence Cast: Who's Who in the White House Whodunit ...",,,4,,41.85,10
"Stream The Electric State Temptation Island Drive to Survive The Residence and more. By Erin Corbett.""","Skywalkers: A Love Story Cast, News, Videos and more - Netflix",https://www.netflix.com/tudum/skywalkers-a-love-story,"Stream The Electric State, Drive to Survive, The Residence, and more. By Erin Corbett. March 13. News. The Residence Cast: Who's Who in the White House Whodunit ...",,,5,,52.49,7
"Stream The Electric State Temptation Island Drive to Survive The Residence and more. By Erin Corbett.""","KAOS Cast, News, Videos and more - Netflix",https://www.netflix.com/tudum/kaos,"Stream The Electric State, Drive to Survive, The Residence, and more. By Erin Corbett. March 13. News. The Residence Cast: Who's Who in the White House Whodunit ...",,,6,,73.76,5
"Stream The Electric State Temptation Island Drive to Survive The Residence and more. By Erin Corbett.""","The Umbrella Academy Cast, News, Videos and more - Netflix",https://www.netflix.com/tudum/the-umbrella-academy,"Stream The Electric State, Drive to Survive, The Residence, and more. By Erin Corbett. March 13. News. The Residence Cast: Who's Who in the White House Whodunit ...",,,7,,38.04,4
"Stream The Electric State Temptation Island Drive to Survive The Residence and more. By Erin Corbett.""",The Glories of Ireland - Project Gutenberg,https://www.gutenberg.org/files/12111/12111-h/12111-h,"The monarch of Ireland at the head of a great Irish army driving back the leagued invaders from the shores of Dublin Bay in 1014, and the exiled leader in 1693, ...",,,8,,21.1,3
Top 10 Movies and Shows on Netflix: Week of March 10 2025 - 'The Electric State' and 'Adolescence' ranked high in this week's Netflix Top 10. Plus 'Back in Action' starring Cameron Diaz and Jamie ,"Top 10 Movies and Shows on Netflix: Week of March 10, 2025",https://www.netflix.com/tudum/articles/top-10-march-10-2025,"'The Electric State' and 'Adolescence' ranked high in this week's Netflix Top 10. Plus, 'Back in Action' starring Cameron Diaz and Jamie Foxx",,,1,"Mar 18, 2025",34.06,30
Top 10 Movies and Shows on Netflix: Week of March 10 2025 - 'The Electric State' and 'Adolescence' ranked high in this week's Netflix Top 10. Plus 'Back in Action' starring Cameron Diaz and Jamie ,Adolescence Grips Viewers for Second Week at No. 1 - Netflix,https://www.netflix.com/tudum/articles/top-10-march-17-2025,"This week also saw Back in Action, starring Jamie Foxx and Cameron Diaz, climb another spot to No. 7 on the all-time Most Popular Films list.",,,2,5 days ago,18.84,20
Top 10 Movies and Shows on Netflix: Week of March 10 2025 - 'The Electric State' and 'Adolescence' ranked high in this week's Netflix Top 10. Plus 'Back in Action' starring Cameron Diaz and Jamie ,"Top 10 Movies and Shows on Netflix: Week of March 10, 2025 - IMDb",https://www.imdb.com/news/ni65188658/?ref_=nm_nwr_1,"Chris Pratt and Millie Bobby Brown proved a dynamic duo in the sci-fi adventure The Electric State, which topped the English films chart ...",,,3,"Mar 18, 2025",33.9,15
Top 10 Movies and Shows on Netflix: Week of March 10 2025 - 'The Electric State' and 'Adolescence' ranked high in this week's Netflix Top 10. Plus 'Back in Action' starring Cameron Diaz and Jamie ,"Ratings - Netflix Top 10 Week of March 10: ""The Electric State ...",http://www.thefutoncritic.com/ratings/2025/03/18/netflix-top-10-week-of-march-10-the-electric-state-energizes-adolescence-excels-in-this-weeks-top-10-999115/20250318netflix05/,"Netflix Top 10 Week of March 10: ""The Electric State"" Energizes, ""Adolescence"" Excels in This Week's Top 10 · 1 The Electric State 53800000 ...",,,4,"Mar 18, 2025",51.0,10
Top 10 Movies and Shows on Netflix: Week of March 10 2025 - 'The Electric State' and 'Adolescence' ranked high in this week's Netflix Top 10. Plus 'Back in Action' starring Cameron Diaz and Jamie ,"Netflix Top 10 Week of March 10: ""The Electric State ... - Pressparty",https://www.pressparty.com/pg/newsdesk/Netflix/view/450131/?isworld=y,"Millie Bobby Brown and Chris Pratt proved a dynamic duo in Anthony and Joe Russo's sci-fi adventure The Electric State, which topped the English ...",,,5,"Mar 19, 2025",86.19,7
Top 10 Movies and Shows on Netflix: Week of March 10 2025 - 'The Electric State' and 'Adolescence' ranked high in this week's Netflix Top 10. Plus 'Back in Action' starring Cameron Diaz and Jamie ,"Netflix Top 10 Movies and Shows: Week of Jan. 27, 2025",https://www.netflix.com/tudum/articles/top-10-jan-27-2025,Back in Action leads the Top 10 in English films for the third week in a row (18.4 million views). The action-comedy was a worldwide hit.,,,6,"Feb 4, 2025",23.55,5
Top 10 Movies and Shows on Netflix: Week of March 10 2025 - 'The Electric State' and 'Adolescence' ranked high in this week's Netflix Top 10. Plus 'Back in Action' starring Cameron Diaz and Jamie ,'The Electric State' is a total fail — and proof that Netflix has ... - Yahoo,https://www.yahoo.com/entertainment/electric-state-total-fail-proof-063000358.html,"""The Electric State"" may have rocketed straight to Netflix No. 1, but the big-budget sci-fi action blockbuster appears to be a flop.",,,7,"Mar 22, 2025",34.4,4
Top 10 Movies and Shows on Netflix: Week of March 10 2025 - 'The Electric State' and 'Adolescence' ranked high in this week's Netflix Top 10. Plus 'Back in Action' starring Cameron Diaz and Jamie ,Back in Action (2025) - News - IMDb,https://www.imdb.com/title/tt21191806/news/,"Adolescence in second among all titles on Netflix for March 10 to 16, because Joe and Anthony Russo's The Electric State eked out the win with 25.2M views.",,,8,,88.93,3
Top 10 Movies and Shows on Netflix: Week of March 10 2025 - 'The Electric State' and 'Adolescence' ranked high in this week's Netflix Top 10. Plus 'Back in Action' starring Cameron Diaz and Jamie ,18 Best Action Movies to Get Your Heart Pumping - Netflix Tudum,https://www.netflix.com/tudum/articles/action-movies-on-netflix,"Go on a thrill ride with action-packed movies like Extraction, The Gray Man, RRR, and The Old Guard.",,,9,,57.16,2
Top 10 Movies and Shows on Netflix: Week of March 10 2025 - 'The Electric State' and 'Adolescence' ranked high in this week's Netflix Top 10. Plus 'Back in Action' starring Cameron Diaz and Jamie ,Watch 30 of the Best Movies on Netflix Right Now - CNET,https://www.cnet.com/tech/services-and-software/best-movies-on-netflix/,"From Oscar winners, including Parasite and 1917, to the Taylor Sheridan-penned Sicario, here are our current top Netflix movie picks.",,,10,4 days ago,49.98,1
Top 10 Netflix Competitors & Alternatives (2024) - NewswireJet - Top 10 Netflix Competitors & Alternatives (2024)  1. Disney+  2. YouTube  3. Peacock  4. Amazon Prime Video  5. HBO Max  6. Hulu  7. FOX ,Top 10 Netflix Competitors & Alternatives - Business Model Analyst,https://businessmodelanalyst.com/netflix-competitors-alternatives/?srsltid=AfmBOopNik5ZP6DoP3xqvEnou685ykoBv5Q-Zpfb2jr63_LhpOphQhe0,"With its affordable pricing, diverse content selection, and various features, Hulu is a strong contender in the crowded video streaming market.",,,1,"May 6, 2023",40.39,30
Top 10 Netflix Competitors & Alternatives (2024) - NewswireJet - Top 10 Netflix Competitors & Alternatives (2024)  1. Disney+  2. YouTube  3. Peacock  4. Amazon Prime Video  5. HBO Max  6. Hulu  7. FOX ,Best Streaming Services of 2025 - CNET,https://www.cnet.com/tech/services-and-software/best-streaming-service/,"With our extensive best list, which includes Netflix, Hulu, Disney Plus and Max, we can help you select which platforms are right for you.",,,2,"Mar 7, 2025",71.8,20
Top 10 Netflix Competitors & Alternatives (2024) - NewswireJet - Top 10 Netflix Competitors & Alternatives (2024)  1. Disney+  2. YouTube  3. Peacock  4. Amazon Prime Video  5. HBO Max  6. Hulu  7. FOX ,Top Netflix Competitors and Alternatives in 2025,https://thebigmarketing.com/netflix-competitors/,"Some of the top Netflix competitors in 2024 include Amazon Prime Video, Disney+, HBO Max, Hulu, Apple TV+, Paramount+, and Peacock. These streaming services ...",,,3,,45.09,15
Top 10 Netflix Competitors & Alternatives (2024) - NewswireJet - Top 10 Netflix Competitors & Alternatives (2024)  1. Disney+  2. YouTube  3. Peacock  4. Amazon Prime Video  5. HBO Max  6. Hulu  7. FOX ,10 Best Netflix Alternatives: Find Your Perfect Streaming Service,https://www.angelikablog.com/netflix-alternatives/,Top Netflix Alternatives · 1. Angelika Anywhere · 2. Amazon Prime Video · 3. Disney+ · 4. Hulu · 5. Apple TV+ · 6. HBO Max · 7. Peacock · 8. Kanopy.,,,4,"Jul 12, 2024",36.4,10
Top 10 Netflix Competitors & Alternatives (2024) - NewswireJet - Top 10 Netflix Competitors & Alternatives (2024)  1. Disney+  2. YouTube  3. Peacock  4. Amazon Prime Video  5. HBO Max  6. Hulu  7. FOX ,Top 12 Netflix Competitors & Alternatives in 2025 - Marketing91,https://www.marketing91.com/netflix-competitor-analysis/,"Netflix is the top OTT streaming platform and has competitors like Amazon prime video, Disney+, Hotstar, Hulu, Paramount+, HBO Max and others.",,,5,"Dec 2, 2024",28.89,7
Top 10 Netflix Competitors & Alternatives (2024) - NewswireJet - Top 10 Netflix Competitors & Alternatives (2024)  1. Disney+  2. YouTube  3. Peacock  4. Amazon Prime Video  5. HBO Max  6. Hulu  7. FOX ,6 Top Netflix Competitors (Alternatives) - Growth Navigate,https://www.growthnavigate.com/top-netflix-competitors,"Netflix faces competition from several key players in the streaming industry, including Amazon Prime Video, Hulu, Disney+, HBO Max, Apple TV+, ...",,,6,"Feb 23, 2024",54.06,5
Top 10 Netflix Competitors & Alternatives (2024) - NewswireJet - Top 10 Netflix Competitors & Alternatives (2024)  1. Disney+  2. YouTube  3. Peacock  4. Amazon Prime Video  5. HBO Max  6. Hulu  7. FOX ,What is your top pick for Netflix's competition in streaming ... - Quora,https://www.quora.com/What-is-your-top-pick-for-Netflixs-competition-in-streaming-entertainment,In terms of VOD subscription services Amazon Prime and Hulu Plus would be the top competitors with Amazon having a more direct overlap in terms ...,,,7,"Dec 25, 2024",57.58,4
Top 10 Netflix Competitors & Alternatives (2024) - NewswireJet - Top 10 Netflix Competitors & Alternatives (2024)  1. Disney+  2. YouTube  3. Peacock  4. Amazon Prime Video  5. HBO Max  6. Hulu  7. FOX ,"The best streaming services in 2025: comparing Netflix, HBO Max ...",https://www.gamesradar.com/entertainment/best-streaming-services/,"The best streaming services in 2025: comparing Netflix, HBO Max, Disney Plus, and more · Netflix · Disney Plus · Prime Video · Max · Apple TV Plus.",,,8,"Mar 21, 2025",32.08,3
Top 10 Netflix Competitors & Alternatives - Business Model Analyst - One of Netflix's main competitors is Amazon Prime Video. Also simply known as Prime Video Amazon Prime Video is a subsidiary of the American ,Top 10 Netflix Competitors & Alternatives - Business Model Analyst,https://businessmodelanalyst.com/netflix-competitors-alternatives/?srsltid=AfmBOooEvvu2rGsK4pCcH5ZJdF7kIIdLhCF_p7utvEqSFhK5d7fLkh6_,"Also, simply known as Prime Video, Amazon Prime Video is a subsidiary of the American multinational technology company, Amazon.",,,1,"May 6, 2023",10.05,30
Top 10 Netflix Competitors & Alternatives - Business Model Analyst - One of Netflix's main competitors is Amazon Prime Video. Also simply known as Prime Video Amazon Prime Video is a subsidiary of the American ,Top 15 Netflix Competitors & Alternatives | Business Strategy Hub,https://bstrategyhub.com/top-netflix-competitors-alternatives/,Top 15 Netflix Competitors & Alternatives · 1. Disney Plus · 2. HBO (Home Box Office) · 3. CBS All Access · 4. Hulu · 5. Amazon Prime Video · 6. Peacock · 7. Apple TV ...,,,2,,69.91,20
Top 10 Netflix Competitors & Alternatives - Business Model Analyst - One of Netflix's main competitors is Amazon Prime Video. Also simply known as Prime Video Amazon Prime Video is a subsidiary of the American ,Netflix SWOT Analysis - Business Model Analyst,https://businessmodelanalyst.com/netflix-swot-analysis/?srsltid=AfmBOoo-9eBeGd_Xkj5UFKABUBuB8XCWx0evfTyzfi5_E2RqKnwlINlG,"Platforms like Hulu, Amazon Prime Video, Apple TV+, and Max have grown strongly recently. Regarding raw numbers, the streaming giant is still ...",,,3,"Dec 12, 2024",84.53,15
Top 10 Netflix Competitors & Alternatives - Business Model Analyst - One of Netflix's main competitors is Amazon Prime Video. Also simply known as Prime Video Amazon Prime Video is a subsidiary of the American ,Top 12 Netflix Competitors & Alternatives in 2025 - Marketing91,https://www.marketing91.com/netflix-competitor-analysis/,"Netflix is the top OTT streaming platform and has competitors like Amazon prime video, Disney+, Hotstar, Hulu, Paramount+, HBO Max and others.",,,4,"Dec 2, 2024",18.96,10
Top 10 Netflix Competitors & Alternatives - Business Model Analyst - One of Netflix's main competitors is Amazon Prime Video. Also simply known as Prime Video Amazon Prime Video is a subsidiary of the American ,4 Flashcards - Quizlet,https://quizlet.com/201345296/4-flash-cards/,"1. Netflix has used the long tail in the DVD-by-mail business to its advantage, crafting a business model that creates close ties with film studios.",,,5,,82.09,7
Top 10 Netflix Competitors & Alternatives - Business Model Analyst - One of Netflix's main competitors is Amazon Prime Video. Also simply known as Prime Video Amazon Prime Video is a subsidiary of the American ,The 10 Biggest Netflix Competitors - Feedough,https://www.feedough.com/the-10-biggest-netflix-competitors/,"With a gross revenue of $25.21 billion, Amazon Prime Video is the biggest competitor of Netflix. The extensive scale of operations in 22 countries gives Amazon ...",,,6,"Apr 25, 2023",63.96,5
Top 10 Netflix Competitors & Alternatives - Business Model Analyst - One of Netflix's main competitors is Amazon Prime Video. Also simply known as Prime Video Amazon Prime Video is a subsidiary of the American ,Top 10 Netflix Competitors & Alternatives (2024) - NewswireJet,https://newswirejet.com/top-10-netflix-competitors-alternatives-2024/,Top 10 Netflix Competitors & Alternatives (2024) · 1. Disney+ · 2. YouTube · 3. Peacock · 4. Amazon Prime Video · 5. HBO Max · 6. Hulu · 7. FOX (Tubi).,,,7,"Jan 3, 2025",80.81,4
Top 10 Netflix Competitors & Alternatives - Business Model Analyst - One of Netflix's main competitors is Amazon Prime Video. Also simply known as Prime Video Amazon Prime Video is a subsidiary of the American ,Top 20 Amazon Competitors in 2025 [Market Analysis] - DOIT Software,https://doit.software/blog/amazon-competitors,"Disney+ is one of the major competitors of Amazon Prime Video, which has a collection of content from Disney, Pixar, Marvel, Star Wars, and ...",,,8,7 days ago,62.9,3
Top 10 Netflix Competitors & Alternatives - Business Model Analyst - One of Netflix's main competitors is Amazon Prime Video. Also simply known as Prime Video Amazon Prime Video is a subsidiary of the American ,How Netflix won the streaming wars - Los Angeles Times,https://www.latimes.com/entertainment-arts/business/story/2024-03-06/how-netflix-held-onto-its-crown-as-king-of-streaming,Competitors including Walt Disney Co. and Warner Bros. Discovery invested billions of dollars to chip away at Netflix's market share by ...,,,9,"Mar 6, 2024",67.74,2
Top 10 Netflix Competitors & Alternatives - Business Model Analyst - One of Netflix's main competitors is Amazon Prime Video. Also simply known as Prime Video Amazon Prime Video is a subsidiary of the American ,[PDF] Netflix and the Development of the Internet Television Network,https://surface.syr.edu/cgi/viewcontent.cgi?article=1448&context=etd,"Main competitors Hulu, Amazon Prime, and Yahoo Screen have also adopted Netflix's ... One of Amazon Instant Video's primary goals was to convince shoppers to sign ...",,,10,,35.55,1
Top 12 Netflix Competitors & Alternatives in 2025 - Marketing91 - Netflix is the top OTT streaming platform and has competitors like Amazon prime video Disney+ Hotstar Hulu Paramount+ HBO Max and others,Top 12 Netflix Competitors & Alternatives in 2025 - Marketing91,https://www.marketing91.com/netflix-competitor-analysis/,"Netflix is the top OTT streaming platform and has competitors like Amazon prime video, Disney+, Hotstar, Hulu, Paramount+, HBO Max and others.",,,1,"Dec 2, 2024",18.77,30
Top 12 Netflix Competitors & Alternatives in 2025 - Marketing91 - Netflix is the top OTT streaming platform and has competitors like Amazon prime video Disney+ Hotstar Hulu Paramount+ HBO Max and others,Best Streaming Services of 2025 - CNET,https://www.cnet.com/tech/services-and-software/best-streaming-service/,"With our extensive best list, which includes Netflix, Hulu, Disney Plus and Max, we can help you select which platforms are right for you.",,,2,"Mar 7, 2025",43.3,20
Top 12 Netflix Competitors & Alternatives in 2025 - Marketing91 - Netflix is the top OTT streaming platform and has competitors like Amazon prime video Disney+ Hotstar Hulu Paramount+ HBO Max and others,What is your top pick for Netflix's competition in streaming ... - Quora,https://www.quora.com/What-is-your-top-pick-for-Netflixs-competition-in-streaming-entertainment,In terms of VOD subscription services Amazon Prime and Hulu Plus would be the top competitors with Amazon having a more direct overlap in terms ...,,,3,"Dec 25, 2024",67.05,15
Top 12 Netflix Competitors & Alternatives in 2025 - Marketing91 - Netflix is the top OTT streaming platform and has competitors like Amazon prime video Disney+ Hotstar Hulu Paramount+ HBO Max and others,The Best Netflix Alternatives: Top Streaming Services to Beat the ...,https://www.businessinsider.com/guides/streaming/best-netflix-streaming-alternatives,The best Netflix alternatives: Top streaming services to beat the price hike · Disney Plus + Hulu bundle · ESPN Plus · Peacock · Apple TV Plus.,,,4,"Jan 31, 2025",64.14,10
Top 12 Netflix Competitors & Alternatives in 2025 - Marketing91 - Netflix is the top OTT streaming platform and has competitors like Amazon prime video Disney+ Hotstar Hulu Paramount+ HBO Max and others,Top 10 OTT Service Providers To Grow Your Streaming Platform,https://blog.webnexs.com/10-best-ott-service-provider-in-2025/,"In 2025, the top platforms are Netflix, Amazon Prime, Disney+, HBO Max, and Hulu. OTT platforms are providers of applications (SW) used for ...",,,5,5 days ago,19.19,7
Top 12 Netflix Competitors & Alternatives in 2025 - Marketing91 - Netflix is the top OTT streaming platform and has competitors like Amazon prime video Disney+ Hotstar Hulu Paramount+ HBO Max and others,Top Netflix Competitors and Alternatives in 2025,https://thebigmarketing.com/netflix-competitors/,"Some of the top Netflix competitors in 2024 include Amazon Prime Video, Disney+, HBO Max, Hulu, Apple TV+, Paramount+, and Peacock. These streaming services ...",,,6,,89.54,5
Top 12 Netflix Competitors & Alternatives in 2025 - Marketing91 - Netflix is the top OTT streaming platform and has competitors like Amazon prime video Disney+ Hotstar Hulu Paramount+ HBO Max and others,What service do people think is better than Netflix - Reddit,https://www.reddit.com/r/netflix/comments/u91xej/what_service_do_people_think_is_better_than/,"Amazon Prime, HBO Max, Disney +, Hulu and Apple TV. The one I could not love without is HBO Max. Second is probably Hulu.",,,7,"Apr 22, 2022",32.02,4
Top 12 Netflix Competitors & Alternatives in 2025 - Marketing91 - Netflix is the top OTT streaming platform and has competitors like Amazon prime video Disney+ Hotstar Hulu Paramount+ HBO Max and others,Top 10 Netflix Competitors & Alternatives - Business Model Analyst,https://businessmodelanalyst.com/netflix-competitors-alternatives/?srsltid=AfmBOoofvOKcY6iRzqzJFzJUiKTCGZ6U1Jf8bcY2_ILxO9VQFRaWItRn,"With its large library of content, add-on subscriptions, and a variety of features, Amazon Prime Video is a worthy competitor to Netflix and ...",,,8,"May 6, 2023",28.17,3
Top 12 Netflix Competitors & Alternatives in 2025 - Marketing91 - Netflix is the top OTT streaming platform and has competitors like Amazon prime video Disney+ Hotstar Hulu Paramount+ HBO Max and others,2025's Best OTT Platforms - Expert Reviewed - Uscreen,https://www.uscreen.tv/blog/ott-platforms/,Must read: 2025's top expert-reviewed + rated OTT platforms designed to reach more customers on more devices and grow your video business.,,,9,"Mar 5, 2025",60.26,2
Top Netflix Alternatives Competitors - CB Insights - Top 10 Netflix competitors  Hulu  TBTM Studios  Antenna Group  Molotov  Saudi Telecom Company  Showtime  HBO Max  iQIYI  21st Century Fox  iROKOtv ,"Top Netflix Alternatives, Competitors - CB Insights",https://www.cbinsights.com/company/netflix/alternatives-competitors,Top 10 Netflix competitors · Hulu · TBTM Studios · Antenna Group · Molotov · Saudi Telecom Company · Showtime · HBO Max · iQIYI ...,,,1,,63.54,30
Top Netflix Alternatives Competitors - CB Insights - Top 10 Netflix competitors  Hulu  TBTM Studios  Antenna Group  Molotov  Saudi Telecom Company  Showtime  HBO Max  iQIYI  21st Century Fox  iROKOtv ,Top 10 Netflix Competitors & Alternatives - Business Model Analyst,https://businessmodelanalyst.com/netflix-competitors-alternatives/?srsltid=AfmBOoo9URegFov-AHzSijOx3TR1aKFXSBKGYK4Dj5umHp8nqaANyAMT,"Hulu is another significant Netflix competitor that offers a combination of TV shows, movies, and original content. Unlike Netflix, Hulu offers ...",,,2,"May 6, 2023",16.06,20
Top Netflix Alternatives Competitors - CB Insights - Top 10 Netflix competitors  Hulu  TBTM Studios  Antenna Group  Molotov  Saudi Telecom Company  Showtime  HBO Max  iQIYI  21st Century Fox  iROKOtv ,20 Best Netflix Alternatives Right Now | agoodmovietowatch,https://agoodmovietowatch.com/cord-cutting/best-netflix-alternatives/,"You can get netflix alternatives right now with Disney+, Paramount+, Peacock, Hulu, Starz, Frndly TV, Apple TV+, Tubi, Amazon Prime, Mubi, Max, ...",,,3,"Mar 19, 2025",66.64,15
Top Netflix Alternatives Competitors - CB Insights - Top 10 Netflix competitors  Hulu  TBTM Studios  Antenna Group  Molotov  Saudi Telecom Company  Showtime  HBO Max  iQIYI  21st Century Fox  iROKOtv ,"Netflix - Products, Competitors, Financials, Employees ... - CB Insights",https://www.cbinsights.com/company/netflix,"Competitors of Netflix include Hulu, TBTM Studios, Antenna Group, Molotov, Saudi Telecom Company and 7 more.",,,4,,32.5,10
Top Netflix Alternatives Competitors - CB Insights - Top 10 Netflix competitors  Hulu  TBTM Studios  Antenna Group  Molotov  Saudi Telecom Company  Showtime  HBO Max  iQIYI  21st Century Fox  iROKOtv ,Top 12 Netflix Competitors & Alternatives in 2025 - Marketing91,https://www.marketing91.com/netflix-competitor-analysis/,"Netflix is the top OTT streaming platform and has competitors like Amazon prime video, Disney+, Hotstar, Hulu, Paramount+, HBO Max and others.",,,5,"Dec 2, 2024",32.65,7
Top Netflix Alternatives Competitors - CB Insights - Top 10 Netflix competitors  Hulu  TBTM Studios  Antenna Group  Molotov  Saudi Telecom Company  Showtime  HBO Max  iQIYI  21st Century Fox  iROKOtv ,Best Streaming Services of 2025 - CNET,https://www.cnet.com/tech/services-and-software/best-streaming-service/,"With our extensive best list, which includes Netflix, Hulu, Disney Plus and Max, we can help you select which platforms are right for you.",,,6,"Mar 7, 2025",81.48,5
Top Netflix Alternatives Competitors - CB Insights - Top 10 Netflix competitors  Hulu  TBTM Studios  Antenna Group  Molotov  Saudi Telecom Company  Showtime  HBO Max  iQIYI  21st Century Fox  iROKOtv ,The Best Netflix Alternatives: Top Streaming Services to Beat the ...,https://www.businessinsider.com/guides/streaming/best-netflix-streaming-alternatives,The best Netflix alternatives: Top streaming services to beat the price hike · Disney Plus + Hulu bundle · ESPN Plus · Peacock · Apple TV Plus.,,,7,"Jan 31, 2025",37.18,4
Top Netflix Alternatives Competitors - CB Insights - Top 10 Netflix competitors  Hulu  TBTM Studios  Antenna Group  Molotov  Saudi Telecom Company  Showtime  HBO Max  iQIYI  21st Century Fox  iROKOtv ,Streaming Giants: The Top Six Netflix Competitors - KommandoTech,https://kommandotech.com/guides/netflix-competitors/,"The top streaming service is Netflix, with the largest market cap globally. However, the alternatives such as HBO Max and Disney Plus are ...",,,8,"Sep 20, 2022",71.7,3
Top Netflix Alternatives Competitors - CB Insights - Top 10 Netflix competitors  Hulu  TBTM Studios  Antenna Group  Molotov  Saudi Telecom Company  Showtime  HBO Max  iQIYI  21st Century Fox  iROKOtv ,Top 10 Netflix Competitors & Alternatives | The Business Model ...,https://www.linkedin.com/posts/the-business-model-analyst_top-10-netflix-competitors-alternatives-activity-7257999836161925120-i81x,"While Netflix is swimming in profits, competitors like Disney+ and Max (formerly HBO Max) are still trying to keep their heads above water. ... 21 ...",,,9,"Oct 31, 2024",70.94,2
netflix.com Competitors - Top Sites Like netflix.com - Similarweb - netflix.com's top 5 competitors in February 2025 are: imdb.com youtube.com hulu.com primevideo.com and more. According to Similarweb data of monthly visits ,netflix.com Competitors - Top Sites Like netflix.com - Similarweb,https://www.similarweb.com/website/netflix.com/competitors/,"According to Similarweb data of monthly visits, netflix.com's top competitor in February 2025 is imdb.com with 441.4M visits. netflix.com 2nd most similar site ...",,,1,,42.69,30
netflix.com Competitors - Top Sites Like netflix.com - Similarweb - netflix.com's top 5 competitors in February 2025 are: imdb.com youtube.com hulu.com primevideo.com and more. According to Similarweb data of monthly visits ,"netflix.com Traffic Analytics, Ranking & Audience [February 2025]",https://www.similarweb.com/website/netflix.com/,Similarly ranked sites ; 1 youtube.com ; 2 netflix.com ; 3 imdb.com ; 4 hulu.com ; 5 xfinity.com.,,,2,,16.63,20
netflix.com Competitors - Top Sites Like netflix.com - Similarweb - netflix.com's top 5 competitors in February 2025 are: imdb.com youtube.com hulu.com primevideo.com and more. According to Similarweb data of monthly visits ,Top 12 Netflix Competitors & Alternatives in 2025 - Marketing91,https://www.marketing91.com/netflix-competitor-analysis/,"Netflix is the top OTT streaming platform and has competitors like Amazon prime video, Disney+, Hotstar, Hulu, Paramount+, HBO Max and others.",,,3,"Dec 2, 2024",85.24,15
netflix.com Competitors - Top Sites Like netflix.com - Similarweb - netflix.com's top 5 competitors in February 2025 are: imdb.com youtube.com hulu.com primevideo.com and more. According to Similarweb data of monthly visits ,Top 10 Netflix Competitors & Alternatives - Business Model Analyst,https://businessmodelanalyst.com/netflix-competitors-alternatives/?srsltid=AfmBOopHzB8iSdJT4qBReBhQ_HSKIZqLDkyGU5TOdA0TxiZIBrxFHqpy,"Unlike Netflix, Hulu offers a selection of current TV shows that can be streamed as soon as the day after they air on TV. Hulu also offers live ...",,,4,"May 6, 2023",75.07,10
netflix.com Competitors - Top Sites Like netflix.com - Similarweb - netflix.com's top 5 competitors in February 2025 are: imdb.com youtube.com hulu.com primevideo.com and more. According to Similarweb data of monthly visits ,"Top Netflix Alternatives, Competitors - CB Insights",https://www.cbinsights.com/company/netflix/alternatives-competitors,"Netflix's alternatives and competitors. See how Netflix compares to similar products. Netflix's top competitors include Hulu, TBTM Studios, and Antenna Group.",,,5,,65.3,7
netflix.com Competitors - Top Sites Like netflix.com - Similarweb - netflix.com's top 5 competitors in February 2025 are: imdb.com youtube.com hulu.com primevideo.com and more. According to Similarweb data of monthly visits ,The Best Video Streaming Services for 2025 - PCMag,https://www.pcmag.com/picks/the-best-video-streaming-services,Our Top Tested Picks · Netflix · Hulu · Peacock · Amazon Prime Video · Max · Disney+ · YouTube TV · Tubi.,,,6,,34.6,5
netflix.com Competitors - Top Sites Like netflix.com - Similarweb - netflix.com's top 5 competitors in February 2025 are: imdb.com youtube.com hulu.com primevideo.com and more. According to Similarweb data of monthly visits ,[PDF] Digital Markets Act Impact Assessment support study,https://www.cullen-international.com/dam/jcr:b2f68dd5-1633-458a-b7aa-33e100f404bc/KK0620191ENN.pdf,"Specifically, following the lockdown, one global survey found that consumers have made greater use of video and music streaming (cited by 57% ...",,,7,"Dec 1, 2020",40.72,4
netflix.com Competitors - Top Sites Like netflix.com - Similarweb - netflix.com's top 5 competitors in February 2025 are: imdb.com youtube.com hulu.com primevideo.com and more. According to Similarweb data of monthly visits ,[PDF] Internet/e-Commerce Internet 2020 Year-Ahead,https://interney.net/wp-content/uploads/2019/12/bofa-internet-2020-year-ahead.pdf,"... on. YouTube, 7% on Snapchat, 6% on Instagram, 5% on Facebook, 4% on Netflix. In social media, Millennials account for 87% of the total mobile ...",,,8,"Dec 18, 2019",78.72,3
netflix.com Competitors - Top Sites Like netflix.com - Similarweb - netflix.com's top 5 competitors in February 2025 are: imdb.com youtube.com hulu.com primevideo.com and more. According to Similarweb data of monthly visits ,E-commerce: Business. Technology. Society. (17th Edition) [17&nbsp,https://dokumen.pub/e-commerce-business-technology-society-17th-edition-17nbsped-0137922205-9780137922208.html,"... Netflix, Amazon Prime Video, YouTube, Hulu, Facebook, and many others. Spurred on by the worldwide sales of more than 5 billion iOS (iPhones, iPads, and ...",,,9,,79.6,2
netflix.com Competitors - Top Sites Like netflix.com - Similarweb - netflix.com's top 5 competitors in February 2025 are: imdb.com youtube.com hulu.com primevideo.com and more. According to Similarweb data of monthly visits ,10 Best Netflix Alternatives to Try in 2025 [Free Options],https://evoca.tv/netflix/alternatives/,Top Free Netflix Alternatives · 1. Pluto TV · 2. Tubi · 3. Vudu · 4. Amazon Freevee.,,,10,"Mar 17, 2025",82.84,1
